-- Insertar Hoteles
INSERT INTO HOTEL (id_hotel, nombre, direccion, telefono, email) VALUES (1, 'Hotel Central', 'Av. Principal 123', '987654321', 'central@hotel.com');
INSERT INTO HOTEL (id_hotel, nombre, direccion, telefono, email) VALUES (2, 'Hotel Playa', 'Av. Costera 456', '912345678', 'playa@hotel.com');

-- Insertar Servicios
INSERT INTO SERVICIO (id_servicio, nombre_servicio, descripcion, precio_servicio, id_hotel) VALUES (1, 'Servicio 1', 'Descripcion servicio 1', 6000, 1);
INSERT INTO SERVICIO (id_servicio, nombre_servicio, descripcion, precio_servicio, id_hotel) VALUES (2, 'Servicio 2', 'Descripcion servicio 2', 7000, 1);
INSERT INTO SERVICIO (id_servicio, nombre_servicio, descripcion, precio_servicio, id_hotel) VALUES (3, 'Servicio 3', 'Descripcion servicio 3', 8000, 1);
INSERT INTO SERVICIO (id_servicio, nombre_servicio, descripcion, precio_servicio, id_hotel) VALUES (4, 'Servicio 4', 'Descripcion servicio 4', 9000, 1);
INSERT INTO SERVICIO (id_servicio, nombre_servicio, descripcion, precio_servicio, id_hotel) VALUES (5, 'Servicio 5', 'Descripcion servicio 5', 10000, 1);
INSERT INTO SERVICIO (id_servicio, nombre_servicio, descripcion, precio_servicio, id_hotel) VALUES (6, 'Servicio 6', 'Descripcion servicio 6', 11000, 1);
INSERT INTO SERVICIO (id_servicio, nombre_servicio, descripcion, precio_servicio, id_hotel) VALUES (7, 'Servicio 7', 'Descripcion servicio 7', 12000, 1);
INSERT INTO SERVICIO (id_servicio, nombre_servicio, descripcion, precio_servicio, id_hotel) VALUES (8, 'Servicio 8', 'Descripcion servicio 8', 13000, 1);
INSERT INTO SERVICIO (id_servicio, nombre_servicio, descripcion, precio_servicio, id_hotel) VALUES (9, 'Servicio 9', 'Descripcion servicio 9', 14000, 1);
INSERT INTO SERVICIO (id_servicio, nombre_servicio, descripcion, precio_servicio, id_hotel) VALUES (10, 'Servicio 10', 'Descripcion servicio 10', 15000, 1);
INSERT INTO SERVICIO (id_servicio, nombre_servicio, descripcion, precio_servicio, id_hotel) VALUES (11, 'Servicio 11', 'Descripcion servicio 11', 16000, 1);
INSERT INTO SERVICIO (id_servicio, nombre_servicio, descripcion, precio_servicio, id_hotel) VALUES (12, 'Servicio 12', 'Descripcion servicio 12', 17000, 1);
INSERT INTO SERVICIO (id_servicio, nombre_servicio, descripcion, precio_servicio, id_hotel) VALUES (13, 'Servicio 13', 'Descripcion servicio 13', 18000, 1);
INSERT INTO SERVICIO (id_servicio, nombre_servicio, descripcion, precio_servicio, id_hotel) VALUES (14, 'Servicio 14', 'Descripcion servicio 14', 19000, 1);
INSERT INTO SERVICIO (id_servicio, nombre_servicio, descripcion, precio_servicio, id_hotel) VALUES (15, 'Servicio 15', 'Descripcion servicio 15', 20000, 1);
INSERT INTO SERVICIO (id_servicio, nombre_servicio, descripcion, precio_servicio, id_hotel) VALUES (16, 'Servicio 16', 'Descripcion servicio 16', 21000, 1);
INSERT INTO SERVICIO (id_servicio, nombre_servicio, descripcion, precio_servicio, id_hotel) VALUES (17, 'Servicio 17', 'Descripcion servicio 17', 22000, 1);
INSERT INTO SERVICIO (id_servicio, nombre_servicio, descripcion, precio_servicio, id_hotel) VALUES (18, 'Servicio 18', 'Descripcion servicio 18', 23000, 1);
INSERT INTO SERVICIO (id_servicio, nombre_servicio, descripcion, precio_servicio, id_hotel) VALUES (19, 'Servicio 19', 'Descripcion servicio 19', 24000, 1);
INSERT INTO SERVICIO (id_servicio, nombre_servicio, descripcion, precio_servicio, id_hotel) VALUES (20, 'Servicio 20', 'Descripcion servicio 20', 25000, 1);
INSERT INTO SERVICIO (id_servicio, nombre_servicio, descripcion, precio_servicio, id_hotel) VALUES (21, 'Servicio 21', 'Descripcion servicio 21', 26000, 1);
INSERT INTO SERVICIO (id_servicio, nombre_servicio, descripcion, precio_servicio, id_hotel) VALUES (22, 'Servicio 22', 'Descripcion servicio 22', 27000, 1);
INSERT INTO SERVICIO (id_servicio, nombre_servicio, descripcion, precio_servicio, id_hotel) VALUES (23, 'Servicio 23', 'Descripcion servicio 23', 28000, 1);
INSERT INTO SERVICIO (id_servicio, nombre_servicio, descripcion, precio_servicio, id_hotel) VALUES (24, 'Servicio 24', 'Descripcion servicio 24', 29000, 1);
INSERT INTO SERVICIO (id_servicio, nombre_servicio, descripcion, precio_servicio, id_hotel) VALUES (25, 'Servicio 25', 'Descripcion servicio 25', 30000, 1);
INSERT INTO SERVICIO (id_servicio, nombre_servicio, descripcion, precio_servicio, id_hotel) VALUES (26, 'Servicio 26', 'Descripcion servicio 26', 31000, 2);
INSERT INTO SERVICIO (id_servicio, nombre_servicio, descripcion, precio_servicio, id_hotel) VALUES (27, 'Servicio 27', 'Descripcion servicio 27', 32000, 2);
INSERT INTO SERVICIO (id_servicio, nombre_servicio, descripcion, precio_servicio, id_hotel) VALUES (28, 'Servicio 28', 'Descripcion servicio 28', 33000, 2);
INSERT INTO SERVICIO (id_servicio, nombre_servicio, descripcion, precio_servicio, id_hotel) VALUES (29, 'Servicio 29', 'Descripcion servicio 29', 34000, 2);
INSERT INTO SERVICIO (id_servicio, nombre_servicio, descripcion, precio_servicio, id_hotel) VALUES (30, 'Servicio 30', 'Descripcion servicio 30', 35000, 2);
INSERT INTO SERVICIO (id_servicio, nombre_servicio, descripcion, precio_servicio, id_hotel) VALUES (31, 'Servicio 31', 'Descripcion servicio 31', 36000, 2);
INSERT INTO SERVICIO (id_servicio, nombre_servicio, descripcion, precio_servicio, id_hotel) VALUES (32, 'Servicio 32', 'Descripcion servicio 32', 37000, 2);
INSERT INTO SERVICIO (id_servicio, nombre_servicio, descripcion, precio_servicio, id_hotel) VALUES (33, 'Servicio 33', 'Descripcion servicio 33', 38000, 2);
INSERT INTO SERVICIO (id_servicio, nombre_servicio, descripcion, precio_servicio, id_hotel) VALUES (34, 'Servicio 34', 'Descripcion servicio 34', 39000, 2);
INSERT INTO SERVICIO (id_servicio, nombre_servicio, descripcion, precio_servicio, id_hotel) VALUES (35, 'Servicio 35', 'Descripcion servicio 35', 40000, 2);
INSERT INTO SERVICIO (id_servicio, nombre_servicio, descripcion, precio_servicio, id_hotel) VALUES (36, 'Servicio 36', 'Descripcion servicio 36', 41000, 2);
INSERT INTO SERVICIO (id_servicio, nombre_servicio, descripcion, precio_servicio, id_hotel) VALUES (37, 'Servicio 37', 'Descripcion servicio 37', 42000, 2);
INSERT INTO SERVICIO (id_servicio, nombre_servicio, descripcion, precio_servicio, id_hotel) VALUES (38, 'Servicio 38', 'Descripcion servicio 38', 43000, 2);
INSERT INTO SERVICIO (id_servicio, nombre_servicio, descripcion, precio_servicio, id_hotel) VALUES (39, 'Servicio 39', 'Descripcion servicio 39', 44000, 2);
INSERT INTO SERVICIO (id_servicio, nombre_servicio, descripcion, precio_servicio, id_hotel) VALUES (40, 'Servicio 40', 'Descripcion servicio 40', 45000, 2);
INSERT INTO SERVICIO (id_servicio, nombre_servicio, descripcion, precio_servicio, id_hotel) VALUES (41, 'Servicio 41', 'Descripcion servicio 41', 46000, 2);
INSERT INTO SERVICIO (id_servicio, nombre_servicio, descripcion, precio_servicio, id_hotel) VALUES (42, 'Servicio 42', 'Descripcion servicio 42', 47000, 2);
INSERT INTO SERVICIO (id_servicio, nombre_servicio, descripcion, precio_servicio, id_hotel) VALUES (43, 'Servicio 43', 'Descripcion servicio 43', 48000, 2);
INSERT INTO SERVICIO (id_servicio, nombre_servicio, descripcion, precio_servicio, id_hotel) VALUES (44, 'Servicio 44', 'Descripcion servicio 44', 49000, 2);
INSERT INTO SERVICIO (id_servicio, nombre_servicio, descripcion, precio_servicio, id_hotel) VALUES (45, 'Servicio 45', 'Descripcion servicio 45', 50000, 2);
INSERT INTO SERVICIO (id_servicio, nombre_servicio, descripcion, precio_servicio, id_hotel) VALUES (46, 'Servicio 46', 'Descripcion servicio 46', 51000, 2);
INSERT INTO SERVICIO (id_servicio, nombre_servicio, descripcion, precio_servicio, id_hotel) VALUES (47, 'Servicio 47', 'Descripcion servicio 47', 52000, 2);
INSERT INTO SERVICIO (id_servicio, nombre_servicio, descripcion, precio_servicio, id_hotel) VALUES (48, 'Servicio 48', 'Descripcion servicio 48', 53000, 2);
INSERT INTO SERVICIO (id_servicio, nombre_servicio, descripcion, precio_servicio, id_hotel) VALUES (49, 'Servicio 49', 'Descripcion servicio 49', 54000, 2);
INSERT INTO SERVICIO (id_servicio, nombre_servicio, descripcion, precio_servicio, id_hotel) VALUES (50, 'Servicio 50', 'Descripcion servicio 50', 55000, 2);

-- Insertar Habitaciones
INSERT INTO HABITACION (id_habitacion, numero, tipo, precio_por_noche, estado, id_hotel) VALUES (1, '101', 'Individual', 30000, 'D', 1);
INSERT INTO HABITACION (id_habitacion, numero, tipo, precio_por_noche, estado, id_hotel) VALUES (2, '102', 'Doble', 50000, 'D', 1);
INSERT INTO HABITACION (id_habitacion, numero, tipo, precio_por_noche, estado, id_hotel) VALUES (3, '103', 'Suite', 80000, 'D', 1);
INSERT INTO HABITACION (id_habitacion, numero, tipo, precio_por_noche, estado, id_hotel) VALUES (4, '104', 'Individual', 30000, 'O', 1);
INSERT INTO HABITACION (id_habitacion, numero, tipo, precio_por_noche, estado, id_hotel) VALUES (5, '105', 'Doble', 50000, 'D', 1);
INSERT INTO HABITACION (id_habitacion, numero, tipo, precio_por_noche, estado, id_hotel) VALUES (6, '106', 'Suite', 80000, 'D', 1);
INSERT INTO HABITACION (id_habitacion, numero, tipo, precio_por_noche, estado, id_hotel) VALUES (7, '107', 'Individual', 30000, 'D', 1);
INSERT INTO HABITACION (id_habitacion, numero, tipo, precio_por_noche, estado, id_hotel) VALUES (8, '108', 'Doble', 50000, 'O', 1);
INSERT INTO HABITACION (id_habitacion, numero, tipo, precio_por_noche, estado, id_hotel) VALUES (9, '109', 'Suite', 80000, 'D', 1);
INSERT INTO HABITACION (id_habitacion, numero, tipo, precio_por_noche, estado, id_hotel) VALUES (10, '110', 'Individual', 30000, 'D', 1);
INSERT INTO HABITACION (id_habitacion, numero, tipo, precio_por_noche, estado, id_hotel) VALUES (11, '111', 'Doble', 50000, 'D', 1);
INSERT INTO HABITACION (id_habitacion, numero, tipo, precio_por_noche, estado, id_hotel) VALUES (12, '112', 'Suite', 80000, 'O', 1);
INSERT INTO HABITACION (id_habitacion, numero, tipo, precio_por_noche, estado, id_hotel) VALUES (13, '113', 'Individual', 30000, 'D', 1);
INSERT INTO HABITACION (id_habitacion, numero, tipo, precio_por_noche, estado, id_hotel) VALUES (14, '114', 'Doble', 50000, 'D', 1);
INSERT INTO HABITACION (id_habitacion, numero, tipo, precio_por_noche, estado, id_hotel) VALUES (15, '115', 'Suite', 80000, 'D', 1);
INSERT INTO HABITACION (id_habitacion, numero, tipo, precio_por_noche, estado, id_hotel) VALUES (16, '116', 'Individual', 30000, 'O', 1);
INSERT INTO HABITACION (id_habitacion, numero, tipo, precio_por_noche, estado, id_hotel) VALUES (17, '117', 'Doble', 50000, 'D', 1);
INSERT INTO HABITACION (id_habitacion, numero, tipo, precio_por_noche, estado, id_hotel) VALUES (18, '118', 'Suite', 80000, 'D', 1);
INSERT INTO HABITACION (id_habitacion, numero, tipo, precio_por_noche, estado, id_hotel) VALUES (19, '119', 'Individual', 30000, 'D', 1);
INSERT INTO HABITACION (id_habitacion, numero, tipo, precio_por_noche, estado, id_hotel) VALUES (20, '120', 'Doble', 50000, 'O', 1);
INSERT INTO HABITACION (id_habitacion, numero, tipo, precio_por_noche, estado, id_hotel) VALUES (21, '121', 'Suite', 80000, 'D', 1);
INSERT INTO HABITACION (id_habitacion, numero, tipo, precio_por_noche, estado, id_hotel) VALUES (22, '122', 'Individual', 30000, 'D', 1);
INSERT INTO HABITACION (id_habitacion, numero, tipo, precio_por_noche, estado, id_hotel) VALUES (23, '123', 'Doble', 50000, 'D', 1);
INSERT INTO HABITACION (id_habitacion, numero, tipo, precio_por_noche, estado, id_hotel) VALUES (24, '124', 'Suite', 80000, 'O', 1);
INSERT INTO HABITACION (id_habitacion, numero, tipo, precio_por_noche, estado, id_hotel) VALUES (25, '125', 'Individual', 30000, 'D', 1);
INSERT INTO HABITACION (id_habitacion, numero, tipo, precio_por_noche, estado, id_hotel) VALUES (26, '126', 'Doble', 50000, 'D', 1);
INSERT INTO HABITACION (id_habitacion, numero, tipo, precio_por_noche, estado, id_hotel) VALUES (27, '127', 'Suite', 80000, 'D', 1);
INSERT INTO HABITACION (id_habitacion, numero, tipo, precio_por_noche, estado, id_hotel) VALUES (28, '128', 'Individual', 30000, 'O', 1);
INSERT INTO HABITACION (id_habitacion, numero, tipo, precio_por_noche, estado, id_hotel) VALUES (29, '129', 'Doble', 50000, 'D', 1);
INSERT INTO HABITACION (id_habitacion, numero, tipo, precio_por_noche, estado, id_hotel) VALUES (30, '130', 'Suite', 80000, 'D', 1);
INSERT INTO HABITACION (id_habitacion, numero, tipo, precio_por_noche, estado, id_hotel) VALUES (31, '131', 'Individual', 30000, 'D', 1);
INSERT INTO HABITACION (id_habitacion, numero, tipo, precio_por_noche, estado, id_hotel) VALUES (32, '132', 'Doble', 50000, 'O', 1);
INSERT INTO HABITACION (id_habitacion, numero, tipo, precio_por_noche, estado, id_hotel) VALUES (33, '133', 'Suite', 80000, 'D', 1);
INSERT INTO HABITACION (id_habitacion, numero, tipo, precio_por_noche, estado, id_hotel) VALUES (34, '134', 'Individual', 30000, 'D', 1);
INSERT INTO HABITACION (id_habitacion, numero, tipo, precio_por_noche, estado, id_hotel) VALUES (35, '135', 'Doble', 50000, 'D', 1);
INSERT INTO HABITACION (id_habitacion, numero, tipo, precio_por_noche, estado, id_hotel) VALUES (36, '136', 'Suite', 80000, 'O', 1);
INSERT INTO HABITACION (id_habitacion, numero, tipo, precio_por_noche, estado, id_hotel) VALUES (37, '137', 'Individual', 30000, 'D', 1);
INSERT INTO HABITACION (id_habitacion, numero, tipo, precio_por_noche, estado, id_hotel) VALUES (38, '138', 'Doble', 50000, 'D', 1);
INSERT INTO HABITACION (id_habitacion, numero, tipo, precio_por_noche, estado, id_hotel) VALUES (39, '139', 'Suite', 80000, 'D', 1);
INSERT INTO HABITACION (id_habitacion, numero, tipo, precio_por_noche, estado, id_hotel) VALUES (40, '140', 'Individual', 30000, 'O', 1);
INSERT INTO HABITACION (id_habitacion, numero, tipo, precio_por_noche, estado, id_hotel) VALUES (41, '141', 'Doble', 50000, 'D', 1);
INSERT INTO HABITACION (id_habitacion, numero, tipo, precio_por_noche, estado, id_hotel) VALUES (42, '142', 'Suite', 80000, 'D', 1);
INSERT INTO HABITACION (id_habitacion, numero, tipo, precio_por_noche, estado, id_hotel) VALUES (43, '143', 'Individual', 30000, 'D', 1);
INSERT INTO HABITACION (id_habitacion, numero, tipo, precio_por_noche, estado, id_hotel) VALUES (44, '144', 'Doble', 50000, 'O', 1);
INSERT INTO HABITACION (id_habitacion, numero, tipo, precio_por_noche, estado, id_hotel) VALUES (45, '145', 'Suite', 80000, 'D', 1);
INSERT INTO HABITACION (id_habitacion, numero, tipo, precio_por_noche, estado, id_hotel) VALUES (46, '146', 'Individual', 30000, 'D', 1);
INSERT INTO HABITACION (id_habitacion, numero, tipo, precio_por_noche, estado, id_hotel) VALUES (47, '147', 'Doble', 50000, 'D', 1);
INSERT INTO HABITACION (id_habitacion, numero, tipo, precio_por_noche, estado, id_hotel) VALUES (48, '148', 'Suite', 80000, 'O', 1);
INSERT INTO HABITACION (id_habitacion, numero, tipo, precio_por_noche, estado, id_hotel) VALUES (49, '149', 'Individual', 30000, 'D', 1);
INSERT INTO HABITACION (id_habitacion, numero, tipo, precio_por_noche, estado, id_hotel) VALUES (50, '150', 'Doble', 50000, 'D', 1);
INSERT INTO HABITACION (id_habitacion, numero, tipo, precio_por_noche, estado, id_hotel) VALUES (51, '151', 'Suite', 80000, 'D', 1);
INSERT INTO HABITACION (id_habitacion, numero, tipo, precio_por_noche, estado, id_hotel) VALUES (52, '152', 'Individual', 30000, 'O', 1);
INSERT INTO HABITACION (id_habitacion, numero, tipo, precio_por_noche, estado, id_hotel) VALUES (53, '153', 'Doble', 50000, 'D', 1);
INSERT INTO HABITACION (id_habitacion, numero, tipo, precio_por_noche, estado, id_hotel) VALUES (54, '154', 'Suite', 80000, 'D', 1);
INSERT INTO HABITACION (id_habitacion, numero, tipo, precio_por_noche, estado, id_hotel) VALUES (55, '155', 'Individual', 30000, 'D', 1);
INSERT INTO HABITACION (id_habitacion, numero, tipo, precio_por_noche, estado, id_hotel) VALUES (56, '156', 'Doble', 50000, 'O', 1);
INSERT INTO HABITACION (id_habitacion, numero, tipo, precio_por_noche, estado, id_hotel) VALUES (57, '157', 'Suite', 80000, 'D', 1);
INSERT INTO HABITACION (id_habitacion, numero, tipo, precio_por_noche, estado, id_hotel) VALUES (58, '158', 'Individual', 30000, 'D', 1);
INSERT INTO HABITACION (id_habitacion, numero, tipo, precio_por_noche, estado, id_hotel) VALUES (59, '159', 'Doble', 50000, 'D', 1);
INSERT INTO HABITACION (id_habitacion, numero, tipo, precio_por_noche, estado, id_hotel) VALUES (60, '160', 'Suite', 80000, 'O', 1);
INSERT INTO HABITACION (id_habitacion, numero, tipo, precio_por_noche, estado, id_hotel) VALUES (61, '161', 'Individual', 30000, 'D', 1);
INSERT INTO HABITACION (id_habitacion, numero, tipo, precio_por_noche, estado, id_hotel) VALUES (62, '162', 'Doble', 50000, 'D', 1);
INSERT INTO HABITACION (id_habitacion, numero, tipo, precio_por_noche, estado, id_hotel) VALUES (63, '163', 'Suite', 80000, 'D', 1);
INSERT INTO HABITACION (id_habitacion, numero, tipo, precio_por_noche, estado, id_hotel) VALUES (64, '164', 'Individual', 30000, 'O', 1);
INSERT INTO HABITACION (id_habitacion, numero, tipo, precio_por_noche, estado, id_hotel) VALUES (65, '165', 'Doble', 50000, 'D', 1);
INSERT INTO HABITACION (id_habitacion, numero, tipo, precio_por_noche, estado, id_hotel) VALUES (66, '166', 'Suite', 80000, 'D', 1);
INSERT INTO HABITACION (id_habitacion, numero, tipo, precio_por_noche, estado, id_hotel) VALUES (67, '167', 'Individual', 30000, 'D', 1);
INSERT INTO HABITACION (id_habitacion, numero, tipo, precio_por_noche, estado, id_hotel) VALUES (68, '168', 'Doble', 50000, 'O', 1);
INSERT INTO HABITACION (id_habitacion, numero, tipo, precio_por_noche, estado, id_hotel) VALUES (69, '169', 'Suite', 80000, 'D', 1);
INSERT INTO HABITACION (id_habitacion, numero, tipo, precio_por_noche, estado, id_hotel) VALUES (70, '170', 'Individual', 30000, 'D', 1);
INSERT INTO HABITACION (id_habitacion, numero, tipo, precio_por_noche, estado, id_hotel) VALUES (71, '171', 'Doble', 50000, 'D', 1);
INSERT INTO HABITACION (id_habitacion, numero, tipo, precio_por_noche, estado, id_hotel) VALUES (72, '172', 'Suite', 80000, 'O', 1);
INSERT INTO HABITACION (id_habitacion, numero, tipo, precio_por_noche, estado, id_hotel) VALUES (73, '173', 'Individual', 30000, 'D', 1);
INSERT INTO HABITACION (id_habitacion, numero, tipo, precio_por_noche, estado, id_hotel) VALUES (74, '174', 'Doble', 50000, 'D', 1);
INSERT INTO HABITACION (id_habitacion, numero, tipo, precio_por_noche, estado, id_hotel) VALUES (75, '175', 'Suite', 80000, 'D', 1);
INSERT INTO HABITACION (id_habitacion, numero, tipo, precio_por_noche, estado, id_hotel) VALUES (76, '176', 'Individual', 30000, 'O', 1);
INSERT INTO HABITACION (id_habitacion, numero, tipo, precio_por_noche, estado, id_hotel) VALUES (77, '177', 'Doble', 50000, 'D', 1);
INSERT INTO HABITACION (id_habitacion, numero, tipo, precio_por_noche, estado, id_hotel) VALUES (78, '178', 'Suite', 80000, 'D', 1);
INSERT INTO HABITACION (id_habitacion, numero, tipo, precio_por_noche, estado, id_hotel) VALUES (79, '179', 'Individual', 30000, 'D', 1);
INSERT INTO HABITACION (id_habitacion, numero, tipo, precio_por_noche, estado, id_hotel) VALUES (80, '180', 'Doble', 50000, 'O', 1);
INSERT INTO HABITACION (id_habitacion, numero, tipo, precio_por_noche, estado, id_hotel) VALUES (81, '181', 'Suite', 80000, 'D', 1);
INSERT INTO HABITACION (id_habitacion, numero, tipo, precio_por_noche, estado, id_hotel) VALUES (82, '182', 'Individual', 30000, 'D', 1);
INSERT INTO HABITACION (id_habitacion, numero, tipo, precio_por_noche, estado, id_hotel) VALUES (83, '183', 'Doble', 50000, 'D', 1);
INSERT INTO HABITACION (id_habitacion, numero, tipo, precio_por_noche, estado, id_hotel) VALUES (84, '184', 'Suite', 80000, 'O', 1);
INSERT INTO HABITACION (id_habitacion, numero, tipo, precio_por_noche, estado, id_hotel) VALUES (85, '185', 'Individual', 30000, 'D', 1);
INSERT INTO HABITACION (id_habitacion, numero, tipo, precio_por_noche, estado, id_hotel) VALUES (86, '186', 'Doble', 50000, 'D', 1);
INSERT INTO HABITACION (id_habitacion, numero, tipo, precio_por_noche, estado, id_hotel) VALUES (87, '187', 'Suite', 80000, 'D', 1);
INSERT INTO HABITACION (id_habitacion, numero, tipo, precio_por_noche, estado, id_hotel) VALUES (88, '188', 'Individual', 30000, 'O', 1);
INSERT INTO HABITACION (id_habitacion, numero, tipo, precio_por_noche, estado, id_hotel) VALUES (89, '189', 'Doble', 50000, 'D', 1);
INSERT INTO HABITACION (id_habitacion, numero, tipo, precio_por_noche, estado, id_hotel) VALUES (90, '190', 'Suite', 80000, 'D', 1);
INSERT INTO HABITACION (id_habitacion, numero, tipo, precio_por_noche, estado, id_hotel) VALUES (91, '191', 'Individual', 30000, 'D', 1);
INSERT INTO HABITACION (id_habitacion, numero, tipo, precio_por_noche, estado, id_hotel) VALUES (92, '192', 'Doble', 50000, 'O', 1);
INSERT INTO HABITACION (id_habitacion, numero, tipo, precio_por_noche, estado, id_hotel) VALUES (93, '193', 'Suite', 80000, 'D', 1);
INSERT INTO HABITACION (id_habitacion, numero, tipo, precio_por_noche, estado, id_hotel) VALUES (94, '194', 'Individual', 30000, 'D', 1);
INSERT INTO HABITACION (id_habitacion, numero, tipo, precio_por_noche, estado, id_hotel) VALUES (95, '195', 'Doble', 50000, 'D', 1);
INSERT INTO HABITACION (id_habitacion, numero, tipo, precio_por_noche, estado, id_hotel) VALUES (96, '196', 'Suite', 80000, 'O', 1);
INSERT INTO HABITACION (id_habitacion, numero, tipo, precio_por_noche, estado, id_hotel) VALUES (97, '197', 'Individual', 30000, 'D', 1);
INSERT INTO HABITACION (id_habitacion, numero, tipo, precio_por_noche, estado, id_hotel) VALUES (98, '198', 'Doble', 50000, 'D', 1);
INSERT INTO HABITACION (id_habitacion, numero, tipo, precio_por_noche, estado, id_hotel) VALUES (99, '199', 'Suite', 80000, 'D', 1);
INSERT INTO HABITACION (id_habitacion, numero, tipo, precio_por_noche, estado, id_hotel) VALUES (100, '200', 'Individual', 30000, 'O', 1);
INSERT INTO HABITACION (id_habitacion, numero, tipo, precio_por_noche, estado, id_hotel) VALUES (101, '201', 'Doble', 50000, 'D', 2);
INSERT INTO HABITACION (id_habitacion, numero, tipo, precio_por_noche, estado, id_hotel) VALUES (102, '202', 'Suite', 80000, 'D', 2);
INSERT INTO HABITACION (id_habitacion, numero, tipo, precio_por_noche, estado, id_hotel) VALUES (103, '203', 'Individual', 30000, 'D', 2);
INSERT INTO HABITACION (id_habitacion, numero, tipo, precio_por_noche, estado, id_hotel) VALUES (104, '204', 'Doble', 50000, 'O', 2);
INSERT INTO HABITACION (id_habitacion, numero, tipo, precio_por_noche, estado, id_hotel) VALUES (105, '205', 'Suite', 80000, 'D', 2);
INSERT INTO HABITACION (id_habitacion, numero, tipo, precio_por_noche, estado, id_hotel) VALUES (106, '206', 'Individual', 30000, 'D', 2);
INSERT INTO HABITACION (id_habitacion, numero, tipo, precio_por_noche, estado, id_hotel) VALUES (107, '207', 'Doble', 50000, 'D', 2);
INSERT INTO HABITACION (id_habitacion, numero, tipo, precio_por_noche, estado, id_hotel) VALUES (108, '208', 'Suite', 80000, 'O', 2);
INSERT INTO HABITACION (id_habitacion, numero, tipo, precio_por_noche, estado, id_hotel) VALUES (109, '209', 'Individual', 30000, 'D', 2);
INSERT INTO HABITACION (id_habitacion, numero, tipo, precio_por_noche, estado, id_hotel) VALUES (110, '210', 'Doble', 50000, 'D', 2);
INSERT INTO HABITACION (id_habitacion, numero, tipo, precio_por_noche, estado, id_hotel) VALUES (111, '211', 'Suite', 80000, 'D', 2);
INSERT INTO HABITACION (id_habitacion, numero, tipo, precio_por_noche, estado, id_hotel) VALUES (112, '212', 'Individual', 30000, 'O', 2);
INSERT INTO HABITACION (id_habitacion, numero, tipo, precio_por_noche, estado, id_hotel) VALUES (113, '213', 'Doble', 50000, 'D', 2);
INSERT INTO HABITACION (id_habitacion, numero, tipo, precio_por_noche, estado, id_hotel) VALUES (114, '214', 'Suite', 80000, 'D', 2);
INSERT INTO HABITACION (id_habitacion, numero, tipo, precio_por_noche, estado, id_hotel) VALUES (115, '215', 'Individual', 30000, 'D', 2);
INSERT INTO HABITACION (id_habitacion, numero, tipo, precio_por_noche, estado, id_hotel) VALUES (116, '216', 'Doble', 50000, 'O', 2);
INSERT INTO HABITACION (id_habitacion, numero, tipo, precio_por_noche, estado, id_hotel) VALUES (117, '217', 'Suite', 80000, 'D', 2);
INSERT INTO HABITACION (id_habitacion, numero, tipo, precio_por_noche, estado, id_hotel) VALUES (118, '218', 'Individual', 30000, 'D', 2);
INSERT INTO HABITACION (id_habitacion, numero, tipo, precio_por_noche, estado, id_hotel) VALUES (119, '219', 'Doble', 50000, 'D', 2);
INSERT INTO HABITACION (id_habitacion, numero, tipo, precio_por_noche, estado, id_hotel) VALUES (120, '220', 'Suite', 80000, 'O', 2);
INSERT INTO HABITACION (id_habitacion, numero, tipo, precio_por_noche, estado, id_hotel) VALUES (121, '221', 'Individual', 30000, 'D', 2);
INSERT INTO HABITACION (id_habitacion, numero, tipo, precio_por_noche, estado, id_hotel) VALUES (122, '222', 'Doble', 50000, 'D', 2);
INSERT INTO HABITACION (id_habitacion, numero, tipo, precio_por_noche, estado, id_hotel) VALUES (123, '223', 'Suite', 80000, 'D', 2);
INSERT INTO HABITACION (id_habitacion, numero, tipo, precio_por_noche, estado, id_hotel) VALUES (124, '224', 'Individual', 30000, 'O', 2);
INSERT INTO HABITACION (id_habitacion, numero, tipo, precio_por_noche, estado, id_hotel) VALUES (125, '225', 'Doble', 50000, 'D', 2);
INSERT INTO HABITACION (id_habitacion, numero, tipo, precio_por_noche, estado, id_hotel) VALUES (126, '226', 'Suite', 80000, 'D', 2);
INSERT INTO HABITACION (id_habitacion, numero, tipo, precio_por_noche, estado, id_hotel) VALUES (127, '227', 'Individual', 30000, 'D', 2);
INSERT INTO HABITACION (id_habitacion, numero, tipo, precio_por_noche, estado, id_hotel) VALUES (128, '228', 'Doble', 50000, 'O', 2);
INSERT INTO HABITACION (id_habitacion, numero, tipo, precio_por_noche, estado, id_hotel) VALUES (129, '229', 'Suite', 80000, 'D', 2);
INSERT INTO HABITACION (id_habitacion, numero, tipo, precio_por_noche, estado, id_hotel) VALUES (130, '230', 'Individual', 30000, 'D', 2);
INSERT INTO HABITACION (id_habitacion, numero, tipo, precio_por_noche, estado, id_hotel) VALUES (131, '231', 'Doble', 50000, 'D', 2);
INSERT INTO HABITACION (id_habitacion, numero, tipo, precio_por_noche, estado, id_hotel) VALUES (132, '232', 'Suite', 80000, 'O', 2);
INSERT INTO HABITACION (id_habitacion, numero, tipo, precio_por_noche, estado, id_hotel) VALUES (133, '233', 'Individual', 30000, 'D', 2);
INSERT INTO HABITACION (id_habitacion, numero, tipo, precio_por_noche, estado, id_hotel) VALUES (134, '234', 'Doble', 50000, 'D', 2);
INSERT INTO HABITACION (id_habitacion, numero, tipo, precio_por_noche, estado, id_hotel) VALUES (135, '235', 'Suite', 80000, 'D', 2);
INSERT INTO HABITACION (id_habitacion, numero, tipo, precio_por_noche, estado, id_hotel) VALUES (136, '236', 'Individual', 30000, 'O', 2);
INSERT INTO HABITACION (id_habitacion, numero, tipo, precio_por_noche, estado, id_hotel) VALUES (137, '237', 'Doble', 50000, 'D', 2);
INSERT INTO HABITACION (id_habitacion, numero, tipo, precio_por_noche, estado, id_hotel) VALUES (138, '238', 'Suite', 80000, 'D', 2);
INSERT INTO HABITACION (id_habitacion, numero, tipo, precio_por_noche, estado, id_hotel) VALUES (139, '239', 'Individual', 30000, 'D', 2);
INSERT INTO HABITACION (id_habitacion, numero, tipo, precio_por_noche, estado, id_hotel) VALUES (140, '240', 'Doble', 50000, 'O', 2);
INSERT INTO HABITACION (id_habitacion, numero, tipo, precio_por_noche, estado, id_hotel) VALUES (141, '241', 'Suite', 80000, 'D', 2);
INSERT INTO HABITACION (id_habitacion, numero, tipo, precio_por_noche, estado, id_hotel) VALUES (142, '242', 'Individual', 30000, 'D', 2);
INSERT INTO HABITACION (id_habitacion, numero, tipo, precio_por_noche, estado, id_hotel) VALUES (143, '243', 'Doble', 50000, 'D', 2);
INSERT INTO HABITACION (id_habitacion, numero, tipo, precio_por_noche, estado, id_hotel) VALUES (144, '244', 'Suite', 80000, 'O', 2);
INSERT INTO HABITACION (id_habitacion, numero, tipo, precio_por_noche, estado, id_hotel) VALUES (145, '245', 'Individual', 30000, 'D', 2);
INSERT INTO HABITACION (id_habitacion, numero, tipo, precio_por_noche, estado, id_hotel) VALUES (146, '246', 'Doble', 50000, 'D', 2);
INSERT INTO HABITACION (id_habitacion, numero, tipo, precio_por_noche, estado, id_hotel) VALUES (147, '247', 'Suite', 80000, 'D', 2);
INSERT INTO HABITACION (id_habitacion, numero, tipo, precio_por_noche, estado, id_hotel) VALUES (148, '248', 'Individual', 30000, 'O', 2);
INSERT INTO HABITACION (id_habitacion, numero, tipo, precio_por_noche, estado, id_hotel) VALUES (149, '249', 'Doble', 50000, 'D', 2);
INSERT INTO HABITACION (id_habitacion, numero, tipo, precio_por_noche, estado, id_hotel) VALUES (150, '250', 'Suite', 80000, 'D', 2);
INSERT INTO HABITACION (id_habitacion, numero, tipo, precio_por_noche, estado, id_hotel) VALUES (151, '251', 'Individual', 30000, 'D', 2);
INSERT INTO HABITACION (id_habitacion, numero, tipo, precio_por_noche, estado, id_hotel) VALUES (152, '252', 'Doble', 50000, 'O', 2);
INSERT INTO HABITACION (id_habitacion, numero, tipo, precio_por_noche, estado, id_hotel) VALUES (153, '253', 'Suite', 80000, 'D', 2);
INSERT INTO HABITACION (id_habitacion, numero, tipo, precio_por_noche, estado, id_hotel) VALUES (154, '254', 'Individual', 30000, 'D', 2);
INSERT INTO HABITACION (id_habitacion, numero, tipo, precio_por_noche, estado, id_hotel) VALUES (155, '255', 'Doble', 50000, 'D', 2);
INSERT INTO HABITACION (id_habitacion, numero, tipo, precio_por_noche, estado, id_hotel) VALUES (156, '256', 'Suite', 80000, 'O', 2);
INSERT INTO HABITACION (id_habitacion, numero, tipo, precio_por_noche, estado, id_hotel) VALUES (157, '257', 'Individual', 30000, 'D', 2);
INSERT INTO HABITACION (id_habitacion, numero, tipo, precio_por_noche, estado, id_hotel) VALUES (158, '258', 'Doble', 50000, 'D', 2);
INSERT INTO HABITACION (id_habitacion, numero, tipo, precio_por_noche, estado, id_hotel) VALUES (159, '259', 'Suite', 80000, 'D', 2);
INSERT INTO HABITACION (id_habitacion, numero, tipo, precio_por_noche, estado, id_hotel) VALUES (160, '260', 'Individual', 30000, 'O', 2);
INSERT INTO HABITACION (id_habitacion, numero, tipo, precio_por_noche, estado, id_hotel) VALUES (161, '261', 'Doble', 50000, 'D', 2);
INSERT INTO HABITACION (id_habitacion, numero, tipo, precio_por_noche, estado, id_hotel) VALUES (162, '262', 'Suite', 80000, 'D', 2);
INSERT INTO HABITACION (id_habitacion, numero, tipo, precio_por_noche, estado, id_hotel) VALUES (163, '263', 'Individual', 30000, 'D', 2);
INSERT INTO HABITACION (id_habitacion, numero, tipo, precio_por_noche, estado, id_hotel) VALUES (164, '264', 'Doble', 50000, 'O', 2);
INSERT INTO HABITACION (id_habitacion, numero, tipo, precio_por_noche, estado, id_hotel) VALUES (165, '265', 'Suite', 80000, 'D', 2);
INSERT INTO HABITACION (id_habitacion, numero, tipo, precio_por_noche, estado, id_hotel) VALUES (166, '266', 'Individual', 30000, 'D', 2);
INSERT INTO HABITACION (id_habitacion, numero, tipo, precio_por_noche, estado, id_hotel) VALUES (167, '267', 'Doble', 50000, 'D', 2);
INSERT INTO HABITACION (id_habitacion, numero, tipo, precio_por_noche, estado, id_hotel) VALUES (168, '268', 'Suite', 80000, 'O', 2);
INSERT INTO HABITACION (id_habitacion, numero, tipo, precio_por_noche, estado, id_hotel) VALUES (169, '269', 'Individual', 30000, 'D', 2);
INSERT INTO HABITACION (id_habitacion, numero, tipo, precio_por_noche, estado, id_hotel) VALUES (170, '270', 'Doble', 50000, 'D', 2);
INSERT INTO HABITACION (id_habitacion, numero, tipo, precio_por_noche, estado, id_hotel) VALUES (171, '271', 'Suite', 80000, 'D', 2);
INSERT INTO HABITACION (id_habitacion, numero, tipo, precio_por_noche, estado, id_hotel) VALUES (172, '272', 'Individual', 30000, 'O', 2);
INSERT INTO HABITACION (id_habitacion, numero, tipo, precio_por_noche, estado, id_hotel) VALUES (173, '273', 'Doble', 50000, 'D', 2);
INSERT INTO HABITACION (id_habitacion, numero, tipo, precio_por_noche, estado, id_hotel) VALUES (174, '274', 'Suite', 80000, 'D', 2);
INSERT INTO HABITACION (id_habitacion, numero, tipo, precio_por_noche, estado, id_hotel) VALUES (175, '275', 'Individual', 30000, 'D', 2);
INSERT INTO HABITACION (id_habitacion, numero, tipo, precio_por_noche, estado, id_hotel) VALUES (176, '276', 'Doble', 50000, 'O', 2);
INSERT INTO HABITACION (id_habitacion, numero, tipo, precio_por_noche, estado, id_hotel) VALUES (177, '277', 'Suite', 80000, 'D', 2);
INSERT INTO HABITACION (id_habitacion, numero, tipo, precio_por_noche, estado, id_hotel) VALUES (178, '278', 'Individual', 30000, 'D', 2);
INSERT INTO HABITACION (id_habitacion, numero, tipo, precio_por_noche, estado, id_hotel) VALUES (179, '279', 'Doble', 50000, 'D', 2);
INSERT INTO HABITACION (id_habitacion, numero, tipo, precio_por_noche, estado, id_hotel) VALUES (180, '280', 'Suite', 80000, 'O', 2);
INSERT INTO HABITACION (id_habitacion, numero, tipo, precio_por_noche, estado, id_hotel) VALUES (181, '281', 'Individual', 30000, 'D', 2);
INSERT INTO HABITACION (id_habitacion, numero, tipo, precio_por_noche, estado, id_hotel) VALUES (182, '282', 'Doble', 50000, 'D', 2);
INSERT INTO HABITACION (id_habitacion, numero, tipo, precio_por_noche, estado, id_hotel) VALUES (183, '283', 'Suite', 80000, 'D', 2);
INSERT INTO HABITACION (id_habitacion, numero, tipo, precio_por_noche, estado, id_hotel) VALUES (184, '284', 'Individual', 30000, 'O', 2);
INSERT INTO HABITACION (id_habitacion, numero, tipo, precio_por_noche, estado, id_hotel) VALUES (185, '285', 'Doble', 50000, 'D', 2);
INSERT INTO HABITACION (id_habitacion, numero, tipo, precio_por_noche, estado, id_hotel) VALUES (186, '286', 'Suite', 80000, 'D', 2);
INSERT INTO HABITACION (id_habitacion, numero, tipo, precio_por_noche, estado, id_hotel) VALUES (187, '287', 'Individual', 30000, 'D', 2);
INSERT INTO HABITACION (id_habitacion, numero, tipo, precio_por_noche, estado, id_hotel) VALUES (188, '288', 'Doble', 50000, 'O', 2);
INSERT INTO HABITACION (id_habitacion, numero, tipo, precio_por_noche, estado, id_hotel) VALUES (189, '289', 'Suite', 80000, 'D', 2);
INSERT INTO HABITACION (id_habitacion, numero, tipo, precio_por_noche, estado, id_hotel) VALUES (190, '290', 'Individual', 30000, 'D', 2);
INSERT INTO HABITACION (id_habitacion, numero, tipo, precio_por_noche, estado, id_hotel) VALUES (191, '291', 'Doble', 50000, 'D', 2);
INSERT INTO HABITACION (id_habitacion, numero, tipo, precio_por_noche, estado, id_hotel) VALUES (192, '292', 'Suite', 80000, 'O', 2);
INSERT INTO HABITACION (id_habitacion, numero, tipo, precio_por_noche, estado, id_hotel) VALUES (193, '293', 'Individual', 30000, 'D', 2);
INSERT INTO HABITACION (id_habitacion, numero, tipo, precio_por_noche, estado, id_hotel) VALUES (194, '294', 'Doble', 50000, 'D', 2);
INSERT INTO HABITACION (id_habitacion, numero, tipo, precio_por_noche, estado, id_hotel) VALUES (195, '295', 'Suite', 80000, 'D', 2);
INSERT INTO HABITACION (id_habitacion, numero, tipo, precio_por_noche, estado, id_hotel) VALUES (196, '296', 'Individual', 30000, 'O', 2);
INSERT INTO HABITACION (id_habitacion, numero, tipo, precio_por_noche, estado, id_hotel) VALUES (197, '297', 'Doble', 50000, 'D', 2);
INSERT INTO HABITACION (id_habitacion, numero, tipo, precio_por_noche, estado, id_hotel) VALUES (198, '298', 'Suite', 80000, 'D', 2);
INSERT INTO HABITACION (id_habitacion, numero, tipo, precio_por_noche, estado, id_hotel) VALUES (199, '299', 'Individual', 30000, 'D', 2);
INSERT INTO HABITACION (id_habitacion, numero, tipo, precio_por_noche, estado, id_hotel) VALUES (200, '300', 'Doble', 50000, 'O', 2);

-- Insertar Empleados
INSERT INTO EMPLEADO (id_empleado, nombre, apellido, cargo, telefono, email, id_hotel) VALUES (1, 'Empleado1', 'Apellido1', 'Recepcionista', 900000001, 'empleado1@hotel.com', 1);
INSERT INTO EMPLEADO (id_empleado, nombre, apellido, cargo, telefono, email, id_hotel) VALUES (2, 'Empleado2', 'Apellido2', 'Limpieza', 900000002, 'empleado2@hotel.com', 1);
INSERT INTO EMPLEADO (id_empleado, nombre, apellido, cargo, telefono, email, id_hotel) VALUES (3, 'Empleado3', 'Apellido3', 'Administrador', 900000003, 'empleado3@hotel.com', 1);
INSERT INTO EMPLEADO (id_empleado, nombre, apellido, cargo, telefono, email, id_hotel) VALUES (4, 'Empleado4', 'Apellido4', 'Recepcionista', 900000004, 'empleado4@hotel.com', 1);
INSERT INTO EMPLEADO (id_empleado, nombre, apellido, cargo, telefono, email, id_hotel) VALUES (5, 'Empleado5', 'Apellido5', 'Limpieza', 900000005, 'empleado5@hotel.com', 1);
INSERT INTO EMPLEADO (id_empleado, nombre, apellido, cargo, telefono, email, id_hotel) VALUES (6, 'Empleado6', 'Apellido6', 'Administrador', 900000006, 'empleado6@hotel.com', 1);
INSERT INTO EMPLEADO (id_empleado, nombre, apellido, cargo, telefono, email, id_hotel) VALUES (7, 'Empleado7', 'Apellido7', 'Recepcionista', 900000007, 'empleado7@hotel.com', 1);
INSERT INTO EMPLEADO (id_empleado, nombre, apellido, cargo, telefono, email, id_hotel) VALUES (8, 'Empleado8', 'Apellido8', 'Limpieza', 900000008, 'empleado8@hotel.com', 1);
INSERT INTO EMPLEADO (id_empleado, nombre, apellido, cargo, telefono, email, id_hotel) VALUES (9, 'Empleado9', 'Apellido9', 'Administrador', 900000009, 'empleado9@hotel.com', 1);
INSERT INTO EMPLEADO (id_empleado, nombre, apellido, cargo, telefono, email, id_hotel) VALUES (10, 'Empleado10', 'Apellido10', 'Recepcionista', 900000010, 'empleado10@hotel.com', 1);
INSERT INTO EMPLEADO (id_empleado, nombre, apellido, cargo, telefono, email, id_hotel) VALUES (11, 'Empleado11', 'Apellido11', 'Limpieza', 900000011, 'empleado11@hotel.com', 1);
INSERT INTO EMPLEADO (id_empleado, nombre, apellido, cargo, telefono, email, id_hotel) VALUES (12, 'Empleado12', 'Apellido12', 'Administrador', 900000012, 'empleado12@hotel.com', 1);
INSERT INTO EMPLEADO (id_empleado, nombre, apellido, cargo, telefono, email, id_hotel) VALUES (13, 'Empleado13', 'Apellido13', 'Recepcionista', 900000013, 'empleado13@hotel.com', 1);
INSERT INTO EMPLEADO (id_empleado, nombre, apellido, cargo, telefono, email, id_hotel) VALUES (14, 'Empleado14', 'Apellido14', 'Limpieza', 900000014, 'empleado14@hotel.com', 1);
INSERT INTO EMPLEADO (id_empleado, nombre, apellido, cargo, telefono, email, id_hotel) VALUES (15, 'Empleado15', 'Apellido15', 'Administrador', 900000015, 'empleado15@hotel.com', 1);
INSERT INTO EMPLEADO (id_empleado, nombre, apellido, cargo, telefono, email, id_hotel) VALUES (16, 'Empleado16', 'Apellido16', 'Recepcionista', 900000016, 'empleado16@hotel.com', 1);
INSERT INTO EMPLEADO (id_empleado, nombre, apellido, cargo, telefono, email, id_hotel) VALUES (17, 'Empleado17', 'Apellido17', 'Limpieza', 900000017, 'empleado17@hotel.com', 1);
INSERT INTO EMPLEADO (id_empleado, nombre, apellido, cargo, telefono, email, id_hotel) VALUES (18, 'Empleado18', 'Apellido18', 'Administrador', 900000018, 'empleado18@hotel.com', 1);
INSERT INTO EMPLEADO (id_empleado, nombre, apellido, cargo, telefono, email, id_hotel) VALUES (19, 'Empleado19', 'Apellido19', 'Recepcionista', 900000019, 'empleado19@hotel.com', 1);
INSERT INTO EMPLEADO (id_empleado, nombre, apellido, cargo, telefono, email, id_hotel) VALUES (20, 'Empleado20', 'Apellido20', 'Limpieza', 900000020, 'empleado20@hotel.com', 1);
INSERT INTO EMPLEADO (id_empleado, nombre, apellido, cargo, telefono, email, id_hotel) VALUES (21, 'Empleado21', 'Apellido21', 'Administrador', 900000021, 'empleado21@hotel.com', 1);
INSERT INTO EMPLEADO (id_empleado, nombre, apellido, cargo, telefono, email, id_hotel) VALUES (22, 'Empleado22', 'Apellido22', 'Recepcionista', 900000022, 'empleado22@hotel.com', 1);
INSERT INTO EMPLEADO (id_empleado, nombre, apellido, cargo, telefono, email, id_hotel) VALUES (23, 'Empleado23', 'Apellido23', 'Limpieza', 900000023, 'empleado23@hotel.com', 1);
INSERT INTO EMPLEADO (id_empleado, nombre, apellido, cargo, telefono, email, id_hotel) VALUES (24, 'Empleado24', 'Apellido24', 'Administrador', 900000024, 'empleado24@hotel.com', 1);
INSERT INTO EMPLEADO (id_empleado, nombre, apellido, cargo, telefono, email, id_hotel) VALUES (25, 'Empleado25', 'Apellido25', 'Recepcionista', 900000025, 'empleado25@hotel.com', 1);
INSERT INTO EMPLEADO (id_empleado, nombre, apellido, cargo, telefono, email, id_hotel) VALUES (26, 'Empleado26', 'Apellido26', 'Limpieza', 900000026, 'empleado26@hotel.com', 1);
INSERT INTO EMPLEADO (id_empleado, nombre, apellido, cargo, telefono, email, id_hotel) VALUES (27, 'Empleado27', 'Apellido27', 'Administrador', 900000027, 'empleado27@hotel.com', 1);
INSERT INTO EMPLEADO (id_empleado, nombre, apellido, cargo, telefono, email, id_hotel) VALUES (28, 'Empleado28', 'Apellido28', 'Recepcionista', 900000028, 'empleado28@hotel.com', 1);
INSERT INTO EMPLEADO (id_empleado, nombre, apellido, cargo, telefono, email, id_hotel) VALUES (29, 'Empleado29', 'Apellido29', 'Limpieza', 900000029, 'empleado29@hotel.com', 1);
INSERT INTO EMPLEADO (id_empleado, nombre, apellido, cargo, telefono, email, id_hotel) VALUES (30, 'Empleado30', 'Apellido30', 'Administrador', 900000030, 'empleado30@hotel.com', 1);
INSERT INTO EMPLEADO (id_empleado, nombre, apellido, cargo, telefono, email, id_hotel) VALUES (31, 'Empleado31', 'Apellido31', 'Recepcionista', 900000031, 'empleado31@hotel.com', 2);
INSERT INTO EMPLEADO (id_empleado, nombre, apellido, cargo, telefono, email, id_hotel) VALUES (32, 'Empleado32', 'Apellido32', 'Limpieza', 900000032, 'empleado32@hotel.com', 2);
INSERT INTO EMPLEADO (id_empleado, nombre, apellido, cargo, telefono, email, id_hotel) VALUES (33, 'Empleado33', 'Apellido33', 'Administrador', 900000033, 'empleado33@hotel.com', 2);
INSERT INTO EMPLEADO (id_empleado, nombre, apellido, cargo, telefono, email, id_hotel) VALUES (34, 'Empleado34', 'Apellido34', 'Recepcionista', 900000034, 'empleado34@hotel.com', 2);
INSERT INTO EMPLEADO (id_empleado, nombre, apellido, cargo, telefono, email, id_hotel) VALUES (35, 'Empleado35', 'Apellido35', 'Limpieza', 900000035, 'empleado35@hotel.com', 2);
INSERT INTO EMPLEADO (id_empleado, nombre, apellido, cargo, telefono, email, id_hotel) VALUES (36, 'Empleado36', 'Apellido36', 'Administrador', 900000036, 'empleado36@hotel.com', 2);
INSERT INTO EMPLEADO (id_empleado, nombre, apellido, cargo, telefono, email, id_hotel) VALUES (37, 'Empleado37', 'Apellido37', 'Recepcionista', 900000037, 'empleado37@hotel.com', 2);
INSERT INTO EMPLEADO (id_empleado, nombre, apellido, cargo, telefono, email, id_hotel) VALUES (38, 'Empleado38', 'Apellido38', 'Limpieza', 900000038, 'empleado38@hotel.com', 2);
INSERT INTO EMPLEADO (id_empleado, nombre, apellido, cargo, telefono, email, id_hotel) VALUES (39, 'Empleado39', 'Apellido39', 'Administrador', 900000039, 'empleado39@hotel.com', 2);
INSERT INTO EMPLEADO (id_empleado, nombre, apellido, cargo, telefono, email, id_hotel) VALUES (40, 'Empleado40', 'Apellido40', 'Recepcionista', 900000040, 'empleado40@hotel.com', 2);
INSERT INTO EMPLEADO (id_empleado, nombre, apellido, cargo, telefono, email, id_hotel) VALUES (41, 'Empleado41', 'Apellido41', 'Limpieza', 900000041, 'empleado41@hotel.com', 2);
INSERT INTO EMPLEADO (id_empleado, nombre, apellido, cargo, telefono, email, id_hotel) VALUES (42, 'Empleado42', 'Apellido42', 'Administrador', 900000042, 'empleado42@hotel.com', 2);
INSERT INTO EMPLEADO (id_empleado, nombre, apellido, cargo, telefono, email, id_hotel) VALUES (43, 'Empleado43', 'Apellido43', 'Recepcionista', 900000043, 'empleado43@hotel.com', 2);
INSERT INTO EMPLEADO (id_empleado, nombre, apellido, cargo, telefono, email, id_hotel) VALUES (44, 'Empleado44', 'Apellido44', 'Limpieza', 900000044, 'empleado44@hotel.com', 2);
INSERT INTO EMPLEADO (id_empleado, nombre, apellido, cargo, telefono, email, id_hotel) VALUES (45, 'Empleado45', 'Apellido45', 'Administrador', 900000045, 'empleado45@hotel.com', 2);
INSERT INTO EMPLEADO (id_empleado, nombre, apellido, cargo, telefono, email, id_hotel) VALUES (46, 'Empleado46', 'Apellido46', 'Recepcionista', 900000046, 'empleado46@hotel.com', 2);
INSERT INTO EMPLEADO (id_empleado, nombre, apellido, cargo, telefono, email, id_hotel) VALUES (47, 'Empleado47', 'Apellido47', 'Limpieza', 900000047, 'empleado47@hotel.com', 2);
INSERT INTO EMPLEADO (id_empleado, nombre, apellido, cargo, telefono, email, id_hotel) VALUES (48, 'Empleado48', 'Apellido48', 'Administrador', 900000048, 'empleado48@hotel.com', 2);
INSERT INTO EMPLEADO (id_empleado, nombre, apellido, cargo, telefono, email, id_hotel) VALUES (49, 'Empleado49', 'Apellido49', 'Recepcionista', 900000049, 'empleado49@hotel.com', 2);
INSERT INTO EMPLEADO (id_empleado, nombre, apellido, cargo, telefono, email, id_hotel) VALUES (50, 'Empleado50', 'Apellido50', 'Limpieza', 900000050, 'empleado50@hotel.com', 2);
INSERT INTO EMPLEADO (id_empleado, nombre, apellido, cargo, telefono, email, id_hotel) VALUES (51, 'Empleado51', 'Apellido51', 'Administrador', 900000051, 'empleado51@hotel.com', 2);
INSERT INTO EMPLEADO (id_empleado, nombre, apellido, cargo, telefono, email, id_hotel) VALUES (52, 'Empleado52', 'Apellido52', 'Recepcionista', 900000052, 'empleado52@hotel.com', 2);
INSERT INTO EMPLEADO (id_empleado, nombre, apellido, cargo, telefono, email, id_hotel) VALUES (53, 'Empleado53', 'Apellido53', 'Limpieza', 900000053, 'empleado53@hotel.com', 2);
INSERT INTO EMPLEADO (id_empleado, nombre, apellido, cargo, telefono, email, id_hotel) VALUES (54, 'Empleado54', 'Apellido54', 'Administrador', 900000054, 'empleado54@hotel.com', 2);
INSERT INTO EMPLEADO (id_empleado, nombre, apellido, cargo, telefono, email, id_hotel) VALUES (55, 'Empleado55', 'Apellido55', 'Recepcionista', 900000055, 'empleado55@hotel.com', 2);
INSERT INTO EMPLEADO (id_empleado, nombre, apellido, cargo, telefono, email, id_hotel) VALUES (56, 'Empleado56', 'Apellido56', 'Limpieza', 900000056, 'empleado56@hotel.com', 2);
INSERT INTO EMPLEADO (id_empleado, nombre, apellido, cargo, telefono, email, id_hotel) VALUES (57, 'Empleado57', 'Apellido57', 'Administrador', 900000057, 'empleado57@hotel.com', 2);
INSERT INTO EMPLEADO (id_empleado, nombre, apellido, cargo, telefono, email, id_hotel) VALUES (58, 'Empleado58', 'Apellido58', 'Recepcionista', 900000058, 'empleado58@hotel.com', 2);
INSERT INTO EMPLEADO (id_empleado, nombre, apellido, cargo, telefono, email, id_hotel) VALUES (59, 'Empleado59', 'Apellido59', 'Limpieza', 900000059, 'empleado59@hotel.com', 2);
INSERT INTO EMPLEADO (id_empleado, nombre, apellido, cargo, telefono, email, id_hotel) VALUES (60, 'Empleado60', 'Apellido60', 'Administrador', 900000060, 'empleado60@hotel.com', 2);

-- Insertar Clientes
INSERT INTO CLIENTE (id_cliente, nombre, apellido, run, telefono, email, direccion) VALUES (1, 'Cliente1', 'Apellido1', '00000001-1', '91234001', 'cliente1@mail.com', 'Direccion 1');
INSERT INTO CLIENTE (id_cliente, nombre, apellido, run, telefono, email, direccion) VALUES (2, 'Cliente2', 'Apellido2', '00000002-2', '91234002', 'cliente2@mail.com', 'Direccion 2');
INSERT INTO CLIENTE (id_cliente, nombre, apellido, run, telefono, email, direccion) VALUES (3, 'Cliente3', 'Apellido3', '00000003-3', '91234003', 'cliente3@mail.com', 'Direccion 3');
INSERT INTO CLIENTE (id_cliente, nombre, apellido, run, telefono, email, direccion) VALUES (4, 'Cliente4', 'Apellido4', '00000004-4', '91234004', 'cliente4@mail.com', 'Direccion 4');
INSERT INTO CLIENTE (id_cliente, nombre, apellido, run, telefono, email, direccion) VALUES (5, 'Cliente5', 'Apellido5', '00000005-5', '91234005', 'cliente5@mail.com', 'Direccion 5');
INSERT INTO CLIENTE (id_cliente, nombre, apellido, run, telefono, email, direccion) VALUES (6, 'Cliente6', 'Apellido6', '00000006-6', '91234006', 'cliente6@mail.com', 'Direccion 6');
INSERT INTO CLIENTE (id_cliente, nombre, apellido, run, telefono, email, direccion) VALUES (7, 'Cliente7', 'Apellido7', '00000007-7', '91234007', 'cliente7@mail.com', 'Direccion 7');
INSERT INTO CLIENTE (id_cliente, nombre, apellido, run, telefono, email, direccion) VALUES (8, 'Cliente8', 'Apellido8', '00000008-8', '91234008', 'cliente8@mail.com', 'Direccion 8');
INSERT INTO CLIENTE (id_cliente, nombre, apellido, run, telefono, email, direccion) VALUES (9, 'Cliente9', 'Apellido9', '00000009-9', '91234009', 'cliente9@mail.com', 'Direccion 9');
INSERT INTO CLIENTE (id_cliente, nombre, apellido, run, telefono, email, direccion) VALUES (10, 'Cliente10', 'Apellido10', '00000010-0', '91234010', 'cliente10@mail.com', 'Direccion 10');
INSERT INTO CLIENTE (id_cliente, nombre, apellido, run, telefono, email, direccion) VALUES (11, 'Cliente11', 'Apellido11', '00000011-1', '91234011', 'cliente11@mail.com', 'Direccion 11');
INSERT INTO CLIENTE (id_cliente, nombre, apellido, run, telefono, email, direccion) VALUES (12, 'Cliente12', 'Apellido12', '00000012-2', '91234012', 'cliente12@mail.com', 'Direccion 12');
INSERT INTO CLIENTE (id_cliente, nombre, apellido, run, telefono, email, direccion) VALUES (13, 'Cliente13', 'Apellido13', '00000013-3', '91234013', 'cliente13@mail.com', 'Direccion 13');
INSERT INTO CLIENTE (id_cliente, nombre, apellido, run, telefono, email, direccion) VALUES (14, 'Cliente14', 'Apellido14', '00000014-4', '91234014', 'cliente14@mail.com', 'Direccion 14');
INSERT INTO CLIENTE (id_cliente, nombre, apellido, run, telefono, email, direccion) VALUES (15, 'Cliente15', 'Apellido15', '00000015-5', '91234015', 'cliente15@mail.com', 'Direccion 15');
INSERT INTO CLIENTE (id_cliente, nombre, apellido, run, telefono, email, direccion) VALUES (16, 'Cliente16', 'Apellido16', '00000016-6', '91234016', 'cliente16@mail.com', 'Direccion 16');
INSERT INTO CLIENTE (id_cliente, nombre, apellido, run, telefono, email, direccion) VALUES (17, 'Cliente17', 'Apellido17', '00000017-7', '91234017', 'cliente17@mail.com', 'Direccion 17');
INSERT INTO CLIENTE (id_cliente, nombre, apellido, run, telefono, email, direccion) VALUES (18, 'Cliente18', 'Apellido18', '00000018-8', '91234018', 'cliente18@mail.com', 'Direccion 18');
INSERT INTO CLIENTE (id_cliente, nombre, apellido, run, telefono, email, direccion) VALUES (19, 'Cliente19', 'Apellido19', '00000019-9', '91234019', 'cliente19@mail.com', 'Direccion 19');
INSERT INTO CLIENTE (id_cliente, nombre, apellido, run, telefono, email, direccion) VALUES (20, 'Cliente20', 'Apellido20', '00000020-0', '91234020', 'cliente20@mail.com', 'Direccion 20');
INSERT INTO CLIENTE (id_cliente, nombre, apellido, run, telefono, email, direccion) VALUES (21, 'Cliente21', 'Apellido21', '00000021-1', '91234021', 'cliente21@mail.com', 'Direccion 21');
INSERT INTO CLIENTE (id_cliente, nombre, apellido, run, telefono, email, direccion) VALUES (22, 'Cliente22', 'Apellido22', '00000022-2', '91234022', 'cliente22@mail.com', 'Direccion 22');
INSERT INTO CLIENTE (id_cliente, nombre, apellido, run, telefono, email, direccion) VALUES (23, 'Cliente23', 'Apellido23', '00000023-3', '91234023', 'cliente23@mail.com', 'Direccion 23');
INSERT INTO CLIENTE (id_cliente, nombre, apellido, run, telefono, email, direccion) VALUES (24, 'Cliente24', 'Apellido24', '00000024-4', '91234024', 'cliente24@mail.com', 'Direccion 24');
INSERT INTO CLIENTE (id_cliente, nombre, apellido, run, telefono, email, direccion) VALUES (25, 'Cliente25', 'Apellido25', '00000025-5', '91234025', 'cliente25@mail.com', 'Direccion 25');
INSERT INTO CLIENTE (id_cliente, nombre, apellido, run, telefono, email, direccion) VALUES (26, 'Cliente26', 'Apellido26', '00000026-6', '91234026', 'cliente26@mail.com', 'Direccion 26');
INSERT INTO CLIENTE (id_cliente, nombre, apellido, run, telefono, email, direccion) VALUES (27, 'Cliente27', 'Apellido27', '00000027-7', '91234027', 'cliente27@mail.com', 'Direccion 27');
INSERT INTO CLIENTE (id_cliente, nombre, apellido, run, telefono, email, direccion) VALUES (28, 'Cliente28', 'Apellido28', '00000028-8', '91234028', 'cliente28@mail.com', 'Direccion 28');
INSERT INTO CLIENTE (id_cliente, nombre, apellido, run, telefono, email, direccion) VALUES (29, 'Cliente29', 'Apellido29', '00000029-9', '91234029', 'cliente29@mail.com', 'Direccion 29');
INSERT INTO CLIENTE (id_cliente, nombre, apellido, run, telefono, email, direccion) VALUES (30, 'Cliente30', 'Apellido30', '00000030-0', '91234030', 'cliente30@mail.com', 'Direccion 30');
INSERT INTO CLIENTE (id_cliente, nombre, apellido, run, telefono, email, direccion) VALUES (31, 'Cliente31', 'Apellido31', '00000031-1', '91234031', 'cliente31@mail.com', 'Direccion 31');
INSERT INTO CLIENTE (id_cliente, nombre, apellido, run, telefono, email, direccion) VALUES (32, 'Cliente32', 'Apellido32', '00000032-2', '91234032', 'cliente32@mail.com', 'Direccion 32');
INSERT INTO CLIENTE (id_cliente, nombre, apellido, run, telefono, email, direccion) VALUES (33, 'Cliente33', 'Apellido33', '00000033-3', '91234033', 'cliente33@mail.com', 'Direccion 33');
INSERT INTO CLIENTE (id_cliente, nombre, apellido, run, telefono, email, direccion) VALUES (34, 'Cliente34', 'Apellido34', '00000034-4', '91234034', 'cliente34@mail.com', 'Direccion 34');
INSERT INTO CLIENTE (id_cliente, nombre, apellido, run, telefono, email, direccion) VALUES (35, 'Cliente35', 'Apellido35', '00000035-5', '91234035', 'cliente35@mail.com', 'Direccion 35');
INSERT INTO CLIENTE (id_cliente, nombre, apellido, run, telefono, email, direccion) VALUES (36, 'Cliente36', 'Apellido36', '00000036-6', '91234036', 'cliente36@mail.com', 'Direccion 36');
INSERT INTO CLIENTE (id_cliente, nombre, apellido, run, telefono, email, direccion) VALUES (37, 'Cliente37', 'Apellido37', '00000037-7', '91234037', 'cliente37@mail.com', 'Direccion 37');
INSERT INTO CLIENTE (id_cliente, nombre, apellido, run, telefono, email, direccion) VALUES (38, 'Cliente38', 'Apellido38', '00000038-8', '91234038', 'cliente38@mail.com', 'Direccion 38');
INSERT INTO CLIENTE (id_cliente, nombre, apellido, run, telefono, email, direccion) VALUES (39, 'Cliente39', 'Apellido39', '00000039-9', '91234039', 'cliente39@mail.com', 'Direccion 39');
INSERT INTO CLIENTE (id_cliente, nombre, apellido, run, telefono, email, direccion) VALUES (40, 'Cliente40', 'Apellido40', '00000040-0', '91234040', 'cliente40@mail.com', 'Direccion 40');
INSERT INTO CLIENTE (id_cliente, nombre, apellido, run, telefono, email, direccion) VALUES (41, 'Cliente41', 'Apellido41', '00000041-1', '91234041', 'cliente41@mail.com', 'Direccion 41');
INSERT INTO CLIENTE (id_cliente, nombre, apellido, run, telefono, email, direccion) VALUES (42, 'Cliente42', 'Apellido42', '00000042-2', '91234042', 'cliente42@mail.com', 'Direccion 42');
INSERT INTO CLIENTE (id_cliente, nombre, apellido, run, telefono, email, direccion) VALUES (43, 'Cliente43', 'Apellido43', '00000043-3', '91234043', 'cliente43@mail.com', 'Direccion 43');
INSERT INTO CLIENTE (id_cliente, nombre, apellido, run, telefono, email, direccion) VALUES (44, 'Cliente44', 'Apellido44', '00000044-4', '91234044', 'cliente44@mail.com', 'Direccion 44');
INSERT INTO CLIENTE (id_cliente, nombre, apellido, run, telefono, email, direccion) VALUES (45, 'Cliente45', 'Apellido45', '00000045-5', '91234045', 'cliente45@mail.com', 'Direccion 45');
INSERT INTO CLIENTE (id_cliente, nombre, apellido, run, telefono, email, direccion) VALUES (46, 'Cliente46', 'Apellido46', '00000046-6', '91234046', 'cliente46@mail.com', 'Direccion 46');
INSERT INTO CLIENTE (id_cliente, nombre, apellido, run, telefono, email, direccion) VALUES (47, 'Cliente47', 'Apellido47', '00000047-7', '91234047', 'cliente47@mail.com', 'Direccion 47');
INSERT INTO CLIENTE (id_cliente, nombre, apellido, run, telefono, email, direccion) VALUES (48, 'Cliente48', 'Apellido48', '00000048-8', '91234048', 'cliente48@mail.com', 'Direccion 48');
INSERT INTO CLIENTE (id_cliente, nombre, apellido, run, telefono, email, direccion) VALUES (49, 'Cliente49', 'Apellido49', '00000049-9', '91234049', 'cliente49@mail.com', 'Direccion 49');
INSERT INTO CLIENTE (id_cliente, nombre, apellido, run, telefono, email, direccion) VALUES (50, 'Cliente50', 'Apellido50', '00000050-0', '91234050', 'cliente50@mail.com', 'Direccion 50');
INSERT INTO CLIENTE (id_cliente, nombre, apellido, run, telefono, email, direccion) VALUES (51, 'Cliente51', 'Apellido51', '00000051-1', '91234051', 'cliente51@mail.com', 'Direccion 51');
INSERT INTO CLIENTE (id_cliente, nombre, apellido, run, telefono, email, direccion) VALUES (52, 'Cliente52', 'Apellido52', '00000052-2', '91234052', 'cliente52@mail.com', 'Direccion 52');
INSERT INTO CLIENTE (id_cliente, nombre, apellido, run, telefono, email, direccion) VALUES (53, 'Cliente53', 'Apellido53', '00000053-3', '91234053', 'cliente53@mail.com', 'Direccion 53');
INSERT INTO CLIENTE (id_cliente, nombre, apellido, run, telefono, email, direccion) VALUES (54, 'Cliente54', 'Apellido54', '00000054-4', '91234054', 'cliente54@mail.com', 'Direccion 54');
INSERT INTO CLIENTE (id_cliente, nombre, apellido, run, telefono, email, direccion) VALUES (55, 'Cliente55', 'Apellido55', '00000055-5', '91234055', 'cliente55@mail.com', 'Direccion 55');
INSERT INTO CLIENTE (id_cliente, nombre, apellido, run, telefono, email, direccion) VALUES (56, 'Cliente56', 'Apellido56', '00000056-6', '91234056', 'cliente56@mail.com', 'Direccion 56');
INSERT INTO CLIENTE (id_cliente, nombre, apellido, run, telefono, email, direccion) VALUES (57, 'Cliente57', 'Apellido57', '00000057-7', '91234057', 'cliente57@mail.com', 'Direccion 57');
INSERT INTO CLIENTE (id_cliente, nombre, apellido, run, telefono, email, direccion) VALUES (58, 'Cliente58', 'Apellido58', '00000058-8', '91234058', 'cliente58@mail.com', 'Direccion 58');
INSERT INTO CLIENTE (id_cliente, nombre, apellido, run, telefono, email, direccion) VALUES (59, 'Cliente59', 'Apellido59', '00000059-9', '91234059', 'cliente59@mail.com', 'Direccion 59');
INSERT INTO CLIENTE (id_cliente, nombre, apellido, run, telefono, email, direccion) VALUES (60, 'Cliente60', 'Apellido60', '00000060-0', '91234060', 'cliente60@mail.com', 'Direccion 60');
INSERT INTO CLIENTE (id_cliente, nombre, apellido, run, telefono, email, direccion) VALUES (61, 'Cliente61', 'Apellido61', '00000061-1', '91234061', 'cliente61@mail.com', 'Direccion 61');
INSERT INTO CLIENTE (id_cliente, nombre, apellido, run, telefono, email, direccion) VALUES (62, 'Cliente62', 'Apellido62', '00000062-2', '91234062', 'cliente62@mail.com', 'Direccion 62');
INSERT INTO CLIENTE (id_cliente, nombre, apellido, run, telefono, email, direccion) VALUES (63, 'Cliente63', 'Apellido63', '00000063-3', '91234063', 'cliente63@mail.com', 'Direccion 63');
INSERT INTO CLIENTE (id_cliente, nombre, apellido, run, telefono, email, direccion) VALUES (64, 'Cliente64', 'Apellido64', '00000064-4', '91234064', 'cliente64@mail.com', 'Direccion 64');
INSERT INTO CLIENTE (id_cliente, nombre, apellido, run, telefono, email, direccion) VALUES (65, 'Cliente65', 'Apellido65', '00000065-5', '91234065', 'cliente65@mail.com', 'Direccion 65');
INSERT INTO CLIENTE (id_cliente, nombre, apellido, run, telefono, email, direccion) VALUES (66, 'Cliente66', 'Apellido66', '00000066-6', '91234066', 'cliente66@mail.com', 'Direccion 66');
INSERT INTO CLIENTE (id_cliente, nombre, apellido, run, telefono, email, direccion) VALUES (67, 'Cliente67', 'Apellido67', '00000067-7', '91234067', 'cliente67@mail.com', 'Direccion 67');
INSERT INTO CLIENTE (id_cliente, nombre, apellido, run, telefono, email, direccion) VALUES (68, 'Cliente68', 'Apellido68', '00000068-8', '91234068', 'cliente68@mail.com', 'Direccion 68');
INSERT INTO CLIENTE (id_cliente, nombre, apellido, run, telefono, email, direccion) VALUES (69, 'Cliente69', 'Apellido69', '00000069-9', '91234069', 'cliente69@mail.com', 'Direccion 69');
INSERT INTO CLIENTE (id_cliente, nombre, apellido, run, telefono, email, direccion) VALUES (70, 'Cliente70', 'Apellido70', '00000070-0', '91234070', 'cliente70@mail.com', 'Direccion 70');
INSERT INTO CLIENTE (id_cliente, nombre, apellido, run, telefono, email, direccion) VALUES (71, 'Cliente71', 'Apellido71', '00000071-1', '91234071', 'cliente71@mail.com', 'Direccion 71');
INSERT INTO CLIENTE (id_cliente, nombre, apellido, run, telefono, email, direccion) VALUES (72, 'Cliente72', 'Apellido72', '00000072-2', '91234072', 'cliente72@mail.com', 'Direccion 72');
INSERT INTO CLIENTE (id_cliente, nombre, apellido, run, telefono, email, direccion) VALUES (73, 'Cliente73', 'Apellido73', '00000073-3', '91234073', 'cliente73@mail.com', 'Direccion 73');
INSERT INTO CLIENTE (id_cliente, nombre, apellido, run, telefono, email, direccion) VALUES (74, 'Cliente74', 'Apellido74', '00000074-4', '91234074', 'cliente74@mail.com', 'Direccion 74');
INSERT INTO CLIENTE (id_cliente, nombre, apellido, run, telefono, email, direccion) VALUES (75, 'Cliente75', 'Apellido75', '00000075-5', '91234075', 'cliente75@mail.com', 'Direccion 75');
INSERT INTO CLIENTE (id_cliente, nombre, apellido, run, telefono, email, direccion) VALUES (76, 'Cliente76', 'Apellido76', '00000076-6', '91234076', 'cliente76@mail.com', 'Direccion 76');
INSERT INTO CLIENTE (id_cliente, nombre, apellido, run, telefono, email, direccion) VALUES (77, 'Cliente77', 'Apellido77', '00000077-7', '91234077', 'cliente77@mail.com', 'Direccion 77');
INSERT INTO CLIENTE (id_cliente, nombre, apellido, run, telefono, email, direccion) VALUES (78, 'Cliente78', 'Apellido78', '00000078-8', '91234078', 'cliente78@mail.com', 'Direccion 78');
INSERT INTO CLIENTE (id_cliente, nombre, apellido, run, telefono, email, direccion) VALUES (79, 'Cliente79', 'Apellido79', '00000079-9', '91234079', 'cliente79@mail.com', 'Direccion 79');
INSERT INTO CLIENTE (id_cliente, nombre, apellido, run, telefono, email, direccion) VALUES (80, 'Cliente80', 'Apellido80', '00000080-0', '91234080', 'cliente80@mail.com', 'Direccion 80');
INSERT INTO CLIENTE (id_cliente, nombre, apellido, run, telefono, email, direccion) VALUES (81, 'Cliente81', 'Apellido81', '00000081-1', '91234081', 'cliente81@mail.com', 'Direccion 81');
INSERT INTO CLIENTE (id_cliente, nombre, apellido, run, telefono, email, direccion) VALUES (82, 'Cliente82', 'Apellido82', '00000082-2', '91234082', 'cliente82@mail.com', 'Direccion 82');
INSERT INTO CLIENTE (id_cliente, nombre, apellido, run, telefono, email, direccion) VALUES (83, 'Cliente83', 'Apellido83', '00000083-3', '91234083', 'cliente83@mail.com', 'Direccion 83');
INSERT INTO CLIENTE (id_cliente, nombre, apellido, run, telefono, email, direccion) VALUES (84, 'Cliente84', 'Apellido84', '00000084-4', '91234084', 'cliente84@mail.com', 'Direccion 84');
INSERT INTO CLIENTE (id_cliente, nombre, apellido, run, telefono, email, direccion) VALUES (85, 'Cliente85', 'Apellido85', '00000085-5', '91234085', 'cliente85@mail.com', 'Direccion 85');
INSERT INTO CLIENTE (id_cliente, nombre, apellido, run, telefono, email, direccion) VALUES (86, 'Cliente86', 'Apellido86', '00000086-6', '91234086', 'cliente86@mail.com', 'Direccion 86');
INSERT INTO CLIENTE (id_cliente, nombre, apellido, run, telefono, email, direccion) VALUES (87, 'Cliente87', 'Apellido87', '00000087-7', '91234087', 'cliente87@mail.com', 'Direccion 87');
INSERT INTO CLIENTE (id_cliente, nombre, apellido, run, telefono, email, direccion) VALUES (88, 'Cliente88', 'Apellido88', '00000088-8', '91234088', 'cliente88@mail.com', 'Direccion 88');
INSERT INTO CLIENTE (id_cliente, nombre, apellido, run, telefono, email, direccion) VALUES (89, 'Cliente89', 'Apellido89', '00000089-9', '91234089', 'cliente89@mail.com', 'Direccion 89');
INSERT INTO CLIENTE (id_cliente, nombre, apellido, run, telefono, email, direccion) VALUES (90, 'Cliente90', 'Apellido90', '00000090-0', '91234090', 'cliente90@mail.com', 'Direccion 90');
INSERT INTO CLIENTE (id_cliente, nombre, apellido, run, telefono, email, direccion) VALUES (91, 'Cliente91', 'Apellido91', '00000091-1', '91234091', 'cliente91@mail.com', 'Direccion 91');
INSERT INTO CLIENTE (id_cliente, nombre, apellido, run, telefono, email, direccion) VALUES (92, 'Cliente92', 'Apellido92', '00000092-2', '91234092', 'cliente92@mail.com', 'Direccion 92');
INSERT INTO CLIENTE (id_cliente, nombre, apellido, run, telefono, email, direccion) VALUES (93, 'Cliente93', 'Apellido93', '00000093-3', '91234093', 'cliente93@mail.com', 'Direccion 93');
INSERT INTO CLIENTE (id_cliente, nombre, apellido, run, telefono, email, direccion) VALUES (94, 'Cliente94', 'Apellido94', '00000094-4', '91234094', 'cliente94@mail.com', 'Direccion 94');
INSERT INTO CLIENTE (id_cliente, nombre, apellido, run, telefono, email, direccion) VALUES (95, 'Cliente95', 'Apellido95', '00000095-5', '91234095', 'cliente95@mail.com', 'Direccion 95');
INSERT INTO CLIENTE (id_cliente, nombre, apellido, run, telefono, email, direccion) VALUES (96, 'Cliente96', 'Apellido96', '00000096-6', '91234096', 'cliente96@mail.com', 'Direccion 96');
INSERT INTO CLIENTE (id_cliente, nombre, apellido, run, telefono, email, direccion) VALUES (97, 'Cliente97', 'Apellido97', '00000097-7', '91234097', 'cliente97@mail.com', 'Direccion 97');
INSERT INTO CLIENTE (id_cliente, nombre, apellido, run, telefono, email, direccion) VALUES (98, 'Cliente98', 'Apellido98', '00000098-8', '91234098', 'cliente98@mail.com', 'Direccion 98');
INSERT INTO CLIENTE (id_cliente, nombre, apellido, run, telefono, email, direccion) VALUES (99, 'Cliente99', 'Apellido99', '00000099-9', '91234099', 'cliente99@mail.com', 'Direccion 99');
INSERT INTO CLIENTE (id_cliente, nombre, apellido, run, telefono, email, direccion) VALUES (100, 'Cliente100', 'Apellido100', '00000100-0', '91234100', 'cliente100@mail.com', 'Direccion 100');

-- Insertar Reservas
INSERT INTO RESERVA (id_reserva, fecha_inicio, fecha_fin, estado, id_cliente, id_habitacion, id_empleado) VALUES (1, TO_DATE('2025-09-02','YYYY-MM-DD'), TO_DATE('2025-09-03','YYYY-MM-DD'), 'C', 2, 2, 2);
INSERT INTO RESERVA (id_reserva, fecha_inicio, fecha_fin, estado, id_cliente, id_habitacion, id_empleado) VALUES (2, TO_DATE('2025-09-03','YYYY-MM-DD'), TO_DATE('2025-09-04','YYYY-MM-DD'), 'A', 3, 3, 3);
INSERT INTO RESERVA (id_reserva, fecha_inicio, fecha_fin, estado, id_cliente, id_habitacion, id_empleado) VALUES (3, TO_DATE('2025-09-04','YYYY-MM-DD'), TO_DATE('2025-09-05','YYYY-MM-DD'), 'C', 4, 4, 4);
INSERT INTO RESERVA (id_reserva, fecha_inicio, fecha_fin, estado, id_cliente, id_habitacion, id_empleado) VALUES (4, TO_DATE('2025-09-05','YYYY-MM-DD'), TO_DATE('2025-09-06','YYYY-MM-DD'), 'A', 5, 5, 5);
INSERT INTO RESERVA (id_reserva, fecha_inicio, fecha_fin, estado, id_cliente, id_habitacion, id_empleado) VALUES (5, TO_DATE('2025-09-06','YYYY-MM-DD'), TO_DATE('2025-09-07','YYYY-MM-DD'), 'C', 6, 6, 6);
INSERT INTO RESERVA (id_reserva, fecha_inicio, fecha_fin, estado, id_cliente, id_habitacion, id_empleado) VALUES (6, TO_DATE('2025-09-07','YYYY-MM-DD'), TO_DATE('2025-09-08','YYYY-MM-DD'), 'A', 7, 7, 7);
INSERT INTO RESERVA (id_reserva, fecha_inicio, fecha_fin, estado, id_cliente, id_habitacion, id_empleado) VALUES (7, TO_DATE('2025-09-08','YYYY-MM-DD'), TO_DATE('2025-09-09','YYYY-MM-DD'), 'C', 8, 8, 8);
INSERT INTO RESERVA (id_reserva, fecha_inicio, fecha_fin, estado, id_cliente, id_habitacion, id_empleado) VALUES (8, TO_DATE('2025-09-09','YYYY-MM-DD'), TO_DATE('2025-09-10','YYYY-MM-DD'), 'A', 9, 9, 9);
INSERT INTO RESERVA (id_reserva, fecha_inicio, fecha_fin, estado, id_cliente, id_habitacion, id_empleado) VALUES (9, TO_DATE('2025-09-10','YYYY-MM-DD'), TO_DATE('2025-09-11','YYYY-MM-DD'), 'C', 10, 10, 10);
INSERT INTO RESERVA (id_reserva, fecha_inicio, fecha_fin, estado, id_cliente, id_habitacion, id_empleado) VALUES (10, TO_DATE('2025-09-11','YYYY-MM-DD'), TO_DATE('2025-09-12','YYYY-MM-DD'), 'A', 11, 11, 11);
INSERT INTO RESERVA (id_reserva, fecha_inicio, fecha_fin, estado, id_cliente, id_habitacion, id_empleado) VALUES (11, TO_DATE('2025-09-12','YYYY-MM-DD'), TO_DATE('2025-09-13','YYYY-MM-DD'), 'C', 12, 12, 12);
INSERT INTO RESERVA (id_reserva, fecha_inicio, fecha_fin, estado, id_cliente, id_habitacion, id_empleado) VALUES (12, TO_DATE('2025-09-13','YYYY-MM-DD'), TO_DATE('2025-09-14','YYYY-MM-DD'), 'A', 13, 13, 13);
INSERT INTO RESERVA (id_reserva, fecha_inicio, fecha_fin, estado, id_cliente, id_habitacion, id_empleado) VALUES (13, TO_DATE('2025-09-14','YYYY-MM-DD'), TO_DATE('2025-09-15','YYYY-MM-DD'), 'C', 14, 14, 14);
INSERT INTO RESERVA (id_reserva, fecha_inicio, fecha_fin, estado, id_cliente, id_habitacion, id_empleado) VALUES (14, TO_DATE('2025-09-15','YYYY-MM-DD'), TO_DATE('2025-09-16','YYYY-MM-DD'), 'A', 15, 15, 15);
INSERT INTO RESERVA (id_reserva, fecha_inicio, fecha_fin, estado, id_cliente, id_habitacion, id_empleado) VALUES (15, TO_DATE('2025-09-16','YYYY-MM-DD'), TO_DATE('2025-09-17','YYYY-MM-DD'), 'C', 16, 16, 16);
INSERT INTO RESERVA (id_reserva, fecha_inicio, fecha_fin, estado, id_cliente, id_habitacion, id_empleado) VALUES (16, TO_DATE('2025-09-17','YYYY-MM-DD'), TO_DATE('2025-09-18','YYYY-MM-DD'), 'A', 17, 17, 17);
INSERT INTO RESERVA (id_reserva, fecha_inicio, fecha_fin, estado, id_cliente, id_habitacion, id_empleado) VALUES (17, TO_DATE('2025-09-18','YYYY-MM-DD'), TO_DATE('2025-09-19','YYYY-MM-DD'), 'C', 18, 18, 18);
INSERT INTO RESERVA (id_reserva, fecha_inicio, fecha_fin, estado, id_cliente, id_habitacion, id_empleado) VALUES (18, TO_DATE('2025-09-19','YYYY-MM-DD'), TO_DATE('2025-09-20','YYYY-MM-DD'), 'A', 19, 19, 19);
INSERT INTO RESERVA (id_reserva, fecha_inicio, fecha_fin, estado, id_cliente, id_habitacion, id_empleado) VALUES (19, TO_DATE('2025-09-20','YYYY-MM-DD'), TO_DATE('2025-09-21','YYYY-MM-DD'), 'C', 20, 20, 20);
INSERT INTO RESERVA (id_reserva, fecha_inicio, fecha_fin, estado, id_cliente, id_habitacion, id_empleado) VALUES (20, TO_DATE('2025-09-21','YYYY-MM-DD'), TO_DATE('2025-09-22','YYYY-MM-DD'), 'A', 21, 21, 21);
INSERT INTO RESERVA (id_reserva, fecha_inicio, fecha_fin, estado, id_cliente, id_habitacion, id_empleado) VALUES (21, TO_DATE('2025-09-22','YYYY-MM-DD'), TO_DATE('2025-09-23','YYYY-MM-DD'), 'C', 22, 22, 22);
INSERT INTO RESERVA (id_reserva, fecha_inicio, fecha_fin, estado, id_cliente, id_habitacion, id_empleado) VALUES (22, TO_DATE('2025-09-23','YYYY-MM-DD'), TO_DATE('2025-09-24','YYYY-MM-DD'), 'A', 23, 23, 23);
INSERT INTO RESERVA (id_reserva, fecha_inicio, fecha_fin, estado, id_cliente, id_habitacion, id_empleado) VALUES (23, TO_DATE('2025-09-24','YYYY-MM-DD'), TO_DATE('2025-09-25','YYYY-MM-DD'), 'C', 24, 24, 24);
INSERT INTO RESERVA (id_reserva, fecha_inicio, fecha_fin, estado, id_cliente, id_habitacion, id_empleado) VALUES (24, TO_DATE('2025-09-25','YYYY-MM-DD'), TO_DATE('2025-09-26','YYYY-MM-DD'), 'A', 25, 25, 25);
INSERT INTO RESERVA (id_reserva, fecha_inicio, fecha_fin, estado, id_cliente, id_habitacion, id_empleado) VALUES (25, TO_DATE('2025-09-26','YYYY-MM-DD'), TO_DATE('2025-09-27','YYYY-MM-DD'), 'C', 26, 26, 26);
INSERT INTO RESERVA (id_reserva, fecha_inicio, fecha_fin, estado, id_cliente, id_habitacion, id_empleado) VALUES (26, TO_DATE('2025-09-27','YYYY-MM-DD'), TO_DATE('2025-09-28','YYYY-MM-DD'), 'A', 27, 27, 27);
INSERT INTO RESERVA (id_reserva, fecha_inicio, fecha_fin, estado, id_cliente, id_habitacion, id_empleado) VALUES (27, TO_DATE('2025-09-28','YYYY-MM-DD'), TO_DATE('2025-09-29','YYYY-MM-DD'), 'C', 28, 28, 28);
INSERT INTO RESERVA (id_reserva, fecha_inicio, fecha_fin, estado, id_cliente, id_habitacion, id_empleado) VALUES (28, TO_DATE('2025-09-01','YYYY-MM-DD'), TO_DATE('2025-09-02','YYYY-MM-DD'), 'A', 29, 29, 29);
INSERT INTO RESERVA (id_reserva, fecha_inicio, fecha_fin, estado, id_cliente, id_habitacion, id_empleado) VALUES (29, TO_DATE('2025-09-02','YYYY-MM-DD'), TO_DATE('2025-09-03','YYYY-MM-DD'), 'C', 30, 30, 30);
INSERT INTO RESERVA (id_reserva, fecha_inicio, fecha_fin, estado, id_cliente, id_habitacion, id_empleado) VALUES (30, TO_DATE('2025-09-03','YYYY-MM-DD'), TO_DATE('2025-09-04','YYYY-MM-DD'), 'A', 31, 31, 31);
INSERT INTO RESERVA (id_reserva, fecha_inicio, fecha_fin, estado, id_cliente, id_habitacion, id_empleado) VALUES (31, TO_DATE('2025-09-04','YYYY-MM-DD'), TO_DATE('2025-09-05','YYYY-MM-DD'), 'C', 32, 32, 32);
INSERT INTO RESERVA (id_reserva, fecha_inicio, fecha_fin, estado, id_cliente, id_habitacion, id_empleado) VALUES (32, TO_DATE('2025-09-05','YYYY-MM-DD'), TO_DATE('2025-09-06','YYYY-MM-DD'), 'A', 33, 33, 33);
INSERT INTO RESERVA (id_reserva, fecha_inicio, fecha_fin, estado, id_cliente, id_habitacion, id_empleado) VALUES (33, TO_DATE('2025-09-06','YYYY-MM-DD'), TO_DATE('2025-09-07','YYYY-MM-DD'), 'C', 34, 34, 34);
INSERT INTO RESERVA (id_reserva, fecha_inicio, fecha_fin, estado, id_cliente, id_habitacion, id_empleado) VALUES (34, TO_DATE('2025-09-07','YYYY-MM-DD'), TO_DATE('2025-09-08','YYYY-MM-DD'), 'A', 35, 35, 35);
INSERT INTO RESERVA (id_reserva, fecha_inicio, fecha_fin, estado, id_cliente, id_habitacion, id_empleado) VALUES (35, TO_DATE('2025-09-08','YYYY-MM-DD'), TO_DATE('2025-09-09','YYYY-MM-DD'), 'C', 36, 36, 36);
INSERT INTO RESERVA (id_reserva, fecha_inicio, fecha_fin, estado, id_cliente, id_habitacion, id_empleado) VALUES (36, TO_DATE('2025-09-09','YYYY-MM-DD'), TO_DATE('2025-09-10','YYYY-MM-DD'), 'A', 37, 37, 37);
INSERT INTO RESERVA (id_reserva, fecha_inicio, fecha_fin, estado, id_cliente, id_habitacion, id_empleado) VALUES (37, TO_DATE('2025-09-10','YYYY-MM-DD'), TO_DATE('2025-09-11','YYYY-MM-DD'), 'C', 38, 38, 38);
INSERT INTO RESERVA (id_reserva, fecha_inicio, fecha_fin, estado, id_cliente, id_habitacion, id_empleado) VALUES (38, TO_DATE('2025-09-11','YYYY-MM-DD'), TO_DATE('2025-09-12','YYYY-MM-DD'), 'A', 39, 39, 39);
INSERT INTO RESERVA (id_reserva, fecha_inicio, fecha_fin, estado, id_cliente, id_habitacion, id_empleado) VALUES (39, TO_DATE('2025-09-12','YYYY-MM-DD'), TO_DATE('2025-09-13','YYYY-MM-DD'), 'C', 40, 40, 40);
INSERT INTO RESERVA (id_reserva, fecha_inicio, fecha_fin, estado, id_cliente, id_habitacion, id_empleado) VALUES (40, TO_DATE('2025-09-13','YYYY-MM-DD'), TO_DATE('2025-09-14','YYYY-MM-DD'), 'A', 41, 41, 41);
INSERT INTO RESERVA (id_reserva, fecha_inicio, fecha_fin, estado, id_cliente, id_habitacion, id_empleado) VALUES (41, TO_DATE('2025-09-14','YYYY-MM-DD'), TO_DATE('2025-09-15','YYYY-MM-DD'), 'C', 42, 42, 42);
INSERT INTO RESERVA (id_reserva, fecha_inicio, fecha_fin, estado, id_cliente, id_habitacion, id_empleado) VALUES (42, TO_DATE('2025-09-15','YYYY-MM-DD'), TO_DATE('2025-09-16','YYYY-MM-DD'), 'A', 43, 43, 43);
INSERT INTO RESERVA (id_reserva, fecha_inicio, fecha_fin, estado, id_cliente, id_habitacion, id_empleado) VALUES (43, TO_DATE('2025-09-16','YYYY-MM-DD'), TO_DATE('2025-09-17','YYYY-MM-DD'), 'C', 44, 44, 44);
INSERT INTO RESERVA (id_reserva, fecha_inicio, fecha_fin, estado, id_cliente, id_habitacion, id_empleado) VALUES (44, TO_DATE('2025-09-17','YYYY-MM-DD'), TO_DATE('2025-09-18','YYYY-MM-DD'), 'A', 45, 45, 45);
INSERT INTO RESERVA (id_reserva, fecha_inicio, fecha_fin, estado, id_cliente, id_habitacion, id_empleado) VALUES (45, TO_DATE('2025-09-18','YYYY-MM-DD'), TO_DATE('2025-09-19','YYYY-MM-DD'), 'C', 46, 46, 46);
INSERT INTO RESERVA (id_reserva, fecha_inicio, fecha_fin, estado, id_cliente, id_habitacion, id_empleado) VALUES (46, TO_DATE('2025-09-19','YYYY-MM-DD'), TO_DATE('2025-09-20','YYYY-MM-DD'), 'A', 47, 47, 47);
INSERT INTO RESERVA (id_reserva, fecha_inicio, fecha_fin, estado, id_cliente, id_habitacion, id_empleado) VALUES (47, TO_DATE('2025-09-20','YYYY-MM-DD'), TO_DATE('2025-09-21','YYYY-MM-DD'), 'C', 48, 48, 48);
INSERT INTO RESERVA (id_reserva, fecha_inicio, fecha_fin, estado, id_cliente, id_habitacion, id_empleado) VALUES (48, TO_DATE('2025-09-21','YYYY-MM-DD'), TO_DATE('2025-09-22','YYYY-MM-DD'), 'A', 49, 49, 49);
INSERT INTO RESERVA (id_reserva, fecha_inicio, fecha_fin, estado, id_cliente, id_habitacion, id_empleado) VALUES (49, TO_DATE('2025-09-22','YYYY-MM-DD'), TO_DATE('2025-09-23','YYYY-MM-DD'), 'C', 50, 50, 50);
INSERT INTO RESERVA (id_reserva, fecha_inicio, fecha_fin, estado, id_cliente, id_habitacion, id_empleado) VALUES (50, TO_DATE('2025-09-23','YYYY-MM-DD'), TO_DATE('2025-09-24','YYYY-MM-DD'), 'A', 51, 51, 51);
INSERT INTO RESERVA (id_reserva, fecha_inicio, fecha_fin, estado, id_cliente, id_habitacion, id_empleado) VALUES (51, TO_DATE('2025-09-24','YYYY-MM-DD'), TO_DATE('2025-09-25','YYYY-MM-DD'), 'C', 52, 52, 52);
INSERT INTO RESERVA (id_reserva, fecha_inicio, fecha_fin, estado, id_cliente, id_habitacion, id_empleado) VALUES (52, TO_DATE('2025-09-25','YYYY-MM-DD'), TO_DATE('2025-09-26','YYYY-MM-DD'), 'A', 53, 53, 53);
INSERT INTO RESERVA (id_reserva, fecha_inicio, fecha_fin, estado, id_cliente, id_habitacion, id_empleado) VALUES (53, TO_DATE('2025-09-26','YYYY-MM-DD'), TO_DATE('2025-09-27','YYYY-MM-DD'), 'C', 54, 54, 54);
INSERT INTO RESERVA (id_reserva, fecha_inicio, fecha_fin, estado, id_cliente, id_habitacion, id_empleado) VALUES (54, TO_DATE('2025-09-27','YYYY-MM-DD'), TO_DATE('2025-09-28','YYYY-MM-DD'), 'A', 55, 55, 55);
INSERT INTO RESERVA (id_reserva, fecha_inicio, fecha_fin, estado, id_cliente, id_habitacion, id_empleado) VALUES (55, TO_DATE('2025-09-28','YYYY-MM-DD'), TO_DATE('2025-09-29','YYYY-MM-DD'), 'C', 56, 56, 56);
INSERT INTO RESERVA (id_reserva, fecha_inicio, fecha_fin, estado, id_cliente, id_habitacion, id_empleado) VALUES (56, TO_DATE('2025-09-01','YYYY-MM-DD'), TO_DATE('2025-09-02','YYYY-MM-DD'), 'A', 57, 57, 57);
INSERT INTO RESERVA (id_reserva, fecha_inicio, fecha_fin, estado, id_cliente, id_habitacion, id_empleado) VALUES (57, TO_DATE('2025-09-02','YYYY-MM-DD'), TO_DATE('2025-09-03','YYYY-MM-DD'), 'C', 58, 58, 58);
INSERT INTO RESERVA (id_reserva, fecha_inicio, fecha_fin, estado, id_cliente, id_habitacion, id_empleado) VALUES (58, TO_DATE('2025-09-03','YYYY-MM-DD'), TO_DATE('2025-09-04','YYYY-MM-DD'), 'A', 59, 59, 59);
INSERT INTO RESERVA (id_reserva, fecha_inicio, fecha_fin, estado, id_cliente, id_habitacion, id_empleado) VALUES (59, TO_DATE('2025-09-04','YYYY-MM-DD'), TO_DATE('2025-09-05','YYYY-MM-DD'), 'C', 60, 60, 60);
INSERT INTO RESERVA (id_reserva, fecha_inicio, fecha_fin, estado, id_cliente, id_habitacion, id_empleado) VALUES (60, TO_DATE('2025-09-05','YYYY-MM-DD'), TO_DATE('2025-09-06','YYYY-MM-DD'), 'A', 61, 61, 1);
INSERT INTO RESERVA (id_reserva, fecha_inicio, fecha_fin, estado, id_cliente, id_habitacion, id_empleado) VALUES (61, TO_DATE('2025-09-06','YYYY-MM-DD'), TO_DATE('2025-09-07','YYYY-MM-DD'), 'C', 62, 62, 2);
INSERT INTO RESERVA (id_reserva, fecha_inicio, fecha_fin, estado, id_cliente, id_habitacion, id_empleado) VALUES (62, TO_DATE('2025-09-07','YYYY-MM-DD'), TO_DATE('2025-09-08','YYYY-MM-DD'), 'A', 63, 63, 3);
INSERT INTO RESERVA (id_reserva, fecha_inicio, fecha_fin, estado, id_cliente, id_habitacion, id_empleado) VALUES (63, TO_DATE('2025-09-08','YYYY-MM-DD'), TO_DATE('2025-09-09','YYYY-MM-DD'), 'C', 64, 64, 4);
INSERT INTO RESERVA (id_reserva, fecha_inicio, fecha_fin, estado, id_cliente, id_habitacion, id_empleado) VALUES (64, TO_DATE('2025-09-09','YYYY-MM-DD'), TO_DATE('2025-09-10','YYYY-MM-DD'), 'A', 65, 65, 5);
INSERT INTO RESERVA (id_reserva, fecha_inicio, fecha_fin, estado, id_cliente, id_habitacion, id_empleado) VALUES (65, TO_DATE('2025-09-10','YYYY-MM-DD'), TO_DATE('2025-09-11','YYYY-MM-DD'), 'C', 66, 66, 6);
INSERT INTO RESERVA (id_reserva, fecha_inicio, fecha_fin, estado, id_cliente, id_habitacion, id_empleado) VALUES (66, TO_DATE('2025-09-11','YYYY-MM-DD'), TO_DATE('2025-09-12','YYYY-MM-DD'), 'A', 67, 67, 7);
INSERT INTO RESERVA (id_reserva, fecha_inicio, fecha_fin, estado, id_cliente, id_habitacion, id_empleado) VALUES (67, TO_DATE('2025-09-12','YYYY-MM-DD'), TO_DATE('2025-09-13','YYYY-MM-DD'), 'C', 68, 68, 8);
INSERT INTO RESERVA (id_reserva, fecha_inicio, fecha_fin, estado, id_cliente, id_habitacion, id_empleado) VALUES (68, TO_DATE('2025-09-13','YYYY-MM-DD'), TO_DATE('2025-09-14','YYYY-MM-DD'), 'A', 69, 69, 9);
INSERT INTO RESERVA (id_reserva, fecha_inicio, fecha_fin, estado, id_cliente, id_habitacion, id_empleado) VALUES (69, TO_DATE('2025-09-14','YYYY-MM-DD'), TO_DATE('2025-09-15','YYYY-MM-DD'), 'C', 70, 70, 10);
INSERT INTO RESERVA (id_reserva, fecha_inicio, fecha_fin, estado, id_cliente, id_habitacion, id_empleado) VALUES (70, TO_DATE('2025-09-15','YYYY-MM-DD'), TO_DATE('2025-09-16','YYYY-MM-DD'), 'A', 71, 71, 11);
INSERT INTO RESERVA (id_reserva, fecha_inicio, fecha_fin, estado, id_cliente, id_habitacion, id_empleado) VALUES (71, TO_DATE('2025-09-16','YYYY-MM-DD'), TO_DATE('2025-09-17','YYYY-MM-DD'), 'C', 72, 72, 12);
INSERT INTO RESERVA (id_reserva, fecha_inicio, fecha_fin, estado, id_cliente, id_habitacion, id_empleado) VALUES (72, TO_DATE('2025-09-17','YYYY-MM-DD'), TO_DATE('2025-09-18','YYYY-MM-DD'), 'A', 73, 73, 13);
INSERT INTO RESERVA (id_reserva, fecha_inicio, fecha_fin, estado, id_cliente, id_habitacion, id_empleado) VALUES (73, TO_DATE('2025-09-18','YYYY-MM-DD'), TO_DATE('2025-09-19','YYYY-MM-DD'), 'C', 74, 74, 14);
INSERT INTO RESERVA (id_reserva, fecha_inicio, fecha_fin, estado, id_cliente, id_habitacion, id_empleado) VALUES (74, TO_DATE('2025-09-19','YYYY-MM-DD'), TO_DATE('2025-09-20','YYYY-MM-DD'), 'A', 75, 75, 15);
INSERT INTO RESERVA (id_reserva, fecha_inicio, fecha_fin, estado, id_cliente, id_habitacion, id_empleado) VALUES (75, TO_DATE('2025-09-20','YYYY-MM-DD'), TO_DATE('2025-09-21','YYYY-MM-DD'), 'C', 76, 76, 16);
INSERT INTO RESERVA (id_reserva, fecha_inicio, fecha_fin, estado, id_cliente, id_habitacion, id_empleado) VALUES (76, TO_DATE('2025-09-21','YYYY-MM-DD'), TO_DATE('2025-09-22','YYYY-MM-DD'), 'A', 77, 77, 17);
INSERT INTO RESERVA (id_reserva, fecha_inicio, fecha_fin, estado, id_cliente, id_habitacion, id_empleado) VALUES (77, TO_DATE('2025-09-22','YYYY-MM-DD'), TO_DATE('2025-09-23','YYYY-MM-DD'), 'C', 78, 78, 18);
INSERT INTO RESERVA (id_reserva, fecha_inicio, fecha_fin, estado, id_cliente, id_habitacion, id_empleado) VALUES (78, TO_DATE('2025-09-23','YYYY-MM-DD'), TO_DATE('2025-09-24','YYYY-MM-DD'), 'A', 79, 79, 19);
INSERT INTO RESERVA (id_reserva, fecha_inicio, fecha_fin, estado, id_cliente, id_habitacion, id_empleado) VALUES (79, TO_DATE('2025-09-24','YYYY-MM-DD'), TO_DATE('2025-09-25','YYYY-MM-DD'), 'C', 80, 80, 20);
INSERT INTO RESERVA (id_reserva, fecha_inicio, fecha_fin, estado, id_cliente, id_habitacion, id_empleado) VALUES (80, TO_DATE('2025-09-25','YYYY-MM-DD'), TO_DATE('2025-09-26','YYYY-MM-DD'), 'A', 81, 81, 21);
INSERT INTO RESERVA (id_reserva, fecha_inicio, fecha_fin, estado, id_cliente, id_habitacion, id_empleado) VALUES (81, TO_DATE('2025-09-26','YYYY-MM-DD'), TO_DATE('2025-09-27','YYYY-MM-DD'), 'C', 82, 82, 22);
INSERT INTO RESERVA (id_reserva, fecha_inicio, fecha_fin, estado, id_cliente, id_habitacion, id_empleado) VALUES (82, TO_DATE('2025-09-27','YYYY-MM-DD'), TO_DATE('2025-09-28','YYYY-MM-DD'), 'A', 83, 83, 23);
INSERT INTO RESERVA (id_reserva, fecha_inicio, fecha_fin, estado, id_cliente, id_habitacion, id_empleado) VALUES (83, TO_DATE('2025-09-28','YYYY-MM-DD'), TO_DATE('2025-09-29','YYYY-MM-DD'), 'C', 84, 84, 24);
INSERT INTO RESERVA (id_reserva, fecha_inicio, fecha_fin, estado, id_cliente, id_habitacion, id_empleado) VALUES (84, TO_DATE('2025-09-01','YYYY-MM-DD'), TO_DATE('2025-09-02','YYYY-MM-DD'), 'A', 85, 85, 25);
INSERT INTO RESERVA (id_reserva, fecha_inicio, fecha_fin, estado, id_cliente, id_habitacion, id_empleado) VALUES (85, TO_DATE('2025-09-02','YYYY-MM-DD'), TO_DATE('2025-09-03','YYYY-MM-DD'), 'C', 86, 86, 26);
INSERT INTO RESERVA (id_reserva, fecha_inicio, fecha_fin, estado, id_cliente, id_habitacion, id_empleado) VALUES (86, TO_DATE('2025-09-03','YYYY-MM-DD'), TO_DATE('2025-09-04','YYYY-MM-DD'), 'A', 87, 87, 27);
INSERT INTO RESERVA (id_reserva, fecha_inicio, fecha_fin, estado, id_cliente, id_habitacion, id_empleado) VALUES (87, TO_DATE('2025-09-04','YYYY-MM-DD'), TO_DATE('2025-09-05','YYYY-MM-DD'), 'C', 88, 88, 28);
INSERT INTO RESERVA (id_reserva, fecha_inicio, fecha_fin, estado, id_cliente, id_habitacion, id_empleado) VALUES (88, TO_DATE('2025-09-05','YYYY-MM-DD'), TO_DATE('2025-09-06','YYYY-MM-DD'), 'A', 89, 89, 29);
INSERT INTO RESERVA (id_reserva, fecha_inicio, fecha_fin, estado, id_cliente, id_habitacion, id_empleado) VALUES (89, TO_DATE('2025-09-06','YYYY-MM-DD'), TO_DATE('2025-09-07','YYYY-MM-DD'), 'C', 90, 90, 30);
INSERT INTO RESERVA (id_reserva, fecha_inicio, fecha_fin, estado, id_cliente, id_habitacion, id_empleado) VALUES (90, TO_DATE('2025-09-07','YYYY-MM-DD'), TO_DATE('2025-09-08','YYYY-MM-DD'), 'A', 91, 91, 31);
INSERT INTO RESERVA (id_reserva, fecha_inicio, fecha_fin, estado, id_cliente, id_habitacion, id_empleado) VALUES (91, TO_DATE('2025-09-08','YYYY-MM-DD'), TO_DATE('2025-09-09','YYYY-MM-DD'), 'C', 92, 92, 32);
INSERT INTO RESERVA (id_reserva, fecha_inicio, fecha_fin, estado, id_cliente, id_habitacion, id_empleado) VALUES (92, TO_DATE('2025-09-09','YYYY-MM-DD'), TO_DATE('2025-09-10','YYYY-MM-DD'), 'A', 93, 93, 33);
INSERT INTO RESERVA (id_reserva, fecha_inicio, fecha_fin, estado, id_cliente, id_habitacion, id_empleado) VALUES (93, TO_DATE('2025-09-10','YYYY-MM-DD'), TO_DATE('2025-09-11','YYYY-MM-DD'), 'C', 94, 94, 34);
INSERT INTO RESERVA (id_reserva, fecha_inicio, fecha_fin, estado, id_cliente, id_habitacion, id_empleado) VALUES (94, TO_DATE('2025-09-11','YYYY-MM-DD'), TO_DATE('2025-09-12','YYYY-MM-DD'), 'A', 95, 95, 35);
INSERT INTO RESERVA (id_reserva, fecha_inicio, fecha_fin, estado, id_cliente, id_habitacion, id_empleado) VALUES (95, TO_DATE('2025-09-12','YYYY-MM-DD'), TO_DATE('2025-09-13','YYYY-MM-DD'), 'C', 96, 96, 36);
INSERT INTO RESERVA (id_reserva, fecha_inicio, fecha_fin, estado, id_cliente, id_habitacion, id_empleado) VALUES (96, TO_DATE('2025-09-13','YYYY-MM-DD'), TO_DATE('2025-09-14','YYYY-MM-DD'), 'A', 97, 97, 37);
INSERT INTO RESERVA (id_reserva, fecha_inicio, fecha_fin, estado, id_cliente, id_habitacion, id_empleado) VALUES (97, TO_DATE('2025-09-14','YYYY-MM-DD'), TO_DATE('2025-09-15','YYYY-MM-DD'), 'C', 98, 98, 38);
INSERT INTO RESERVA (id_reserva, fecha_inicio, fecha_fin, estado, id_cliente, id_habitacion, id_empleado) VALUES (98, TO_DATE('2025-09-15','YYYY-MM-DD'), TO_DATE('2025-09-16','YYYY-MM-DD'), 'A', 99, 99, 39);
INSERT INTO RESERVA (id_reserva, fecha_inicio, fecha_fin, estado, id_cliente, id_habitacion, id_empleado) VALUES (99, TO_DATE('2025-09-16','YYYY-MM-DD'), TO_DATE('2025-09-17','YYYY-MM-DD'), 'C', 100, 100, 40);
INSERT INTO RESERVA (id_reserva, fecha_inicio, fecha_fin, estado, id_cliente, id_habitacion, id_empleado) VALUES (100, TO_DATE('2025-09-17','YYYY-MM-DD'), TO_DATE('2025-09-18','YYYY-MM-DD'), 'A', 1, 101, 41);

-- Insertar Consumo de Servicios
INSERT INTO CONSUMO_SERVICIO (id_consumo, cantidad, total, id_reserva, id_servicio) VALUES (1, 2, 20000, 2, 2);
INSERT INTO CONSUMO_SERVICIO (id_consumo, cantidad, total, id_reserva, id_servicio) VALUES (2, 3, 30000, 3, 3);
INSERT INTO CONSUMO_SERVICIO (id_consumo, cantidad, total, id_reserva, id_servicio) VALUES (3, 4, 40000, 4, 4);
INSERT INTO CONSUMO_SERVICIO (id_consumo, cantidad, total, id_reserva, id_servicio) VALUES (4, 5, 50000, 5, 5);
INSERT INTO CONSUMO_SERVICIO (id_consumo, cantidad, total, id_reserva, id_servicio) VALUES (5, 1, 10000, 6, 6);
INSERT INTO CONSUMO_SERVICIO (id_consumo, cantidad, total, id_reserva, id_servicio) VALUES (6, 2, 20000, 7, 7);
INSERT INTO CONSUMO_SERVICIO (id_consumo, cantidad, total, id_reserva, id_servicio) VALUES (7, 3, 30000, 8, 8);
INSERT INTO CONSUMO_SERVICIO (id_consumo, cantidad, total, id_reserva, id_servicio) VALUES (8, 4, 40000, 9, 9);
INSERT INTO CONSUMO_SERVICIO (id_consumo, cantidad, total, id_reserva, id_servicio) VALUES (9, 5, 50000, 10, 10);
INSERT INTO CONSUMO_SERVICIO (id_consumo, cantidad, total, id_reserva, id_servicio) VALUES (10, 1, 10000, 11, 11);
INSERT INTO CONSUMO_SERVICIO (id_consumo, cantidad, total, id_reserva, id_servicio) VALUES (11, 2, 20000, 12, 12);
INSERT INTO CONSUMO_SERVICIO (id_consumo, cantidad, total, id_reserva, id_servicio) VALUES (12, 3, 30000, 13, 13);
INSERT INTO CONSUMO_SERVICIO (id_consumo, cantidad, total, id_reserva, id_servicio) VALUES (13, 4, 40000, 14, 14);
INSERT INTO CONSUMO_SERVICIO (id_consumo, cantidad, total, id_reserva, id_servicio) VALUES (14, 5, 50000, 15, 15);
INSERT INTO CONSUMO_SERVICIO (id_consumo, cantidad, total, id_reserva, id_servicio) VALUES (15, 1, 10000, 16, 16);
INSERT INTO CONSUMO_SERVICIO (id_consumo, cantidad, total, id_reserva, id_servicio) VALUES (16, 2, 20000, 17, 17);
INSERT INTO CONSUMO_SERVICIO (id_consumo, cantidad, total, id_reserva, id_servicio) VALUES (17, 3, 30000, 18, 18);
INSERT INTO CONSUMO_SERVICIO (id_consumo, cantidad, total, id_reserva, id_servicio) VALUES (18, 4, 40000, 19, 19);
INSERT INTO CONSUMO_SERVICIO (id_consumo, cantidad, total, id_reserva, id_servicio) VALUES (19, 5, 50000, 20, 20);
INSERT INTO CONSUMO_SERVICIO (id_consumo, cantidad, total, id_reserva, id_servicio) VALUES (20, 1, 10000, 21, 21);
INSERT INTO CONSUMO_SERVICIO (id_consumo, cantidad, total, id_reserva, id_servicio) VALUES (21, 2, 20000, 22, 22);
INSERT INTO CONSUMO_SERVICIO (id_consumo, cantidad, total, id_reserva, id_servicio) VALUES (22, 3, 30000, 23, 23);
INSERT INTO CONSUMO_SERVICIO (id_consumo, cantidad, total, id_reserva, id_servicio) VALUES (23, 4, 40000, 24, 24);
INSERT INTO CONSUMO_SERVICIO (id_consumo, cantidad, total, id_reserva, id_servicio) VALUES (24, 5, 50000, 25, 25);
INSERT INTO CONSUMO_SERVICIO (id_consumo, cantidad, total, id_reserva, id_servicio) VALUES (25, 1, 10000, 26, 26);
INSERT INTO CONSUMO_SERVICIO (id_consumo, cantidad, total, id_reserva, id_servicio) VALUES (26, 2, 20000, 27, 27);
INSERT INTO CONSUMO_SERVICIO (id_consumo, cantidad, total, id_reserva, id_servicio) VALUES (27, 3, 30000, 28, 28);
INSERT INTO CONSUMO_SERVICIO (id_consumo, cantidad, total, id_reserva, id_servicio) VALUES (28, 4, 40000, 29, 29);
INSERT INTO CONSUMO_SERVICIO (id_consumo, cantidad, total, id_reserva, id_servicio) VALUES (29, 5, 50000, 30, 30);
INSERT INTO CONSUMO_SERVICIO (id_consumo, cantidad, total, id_reserva, id_servicio) VALUES (30, 1, 10000, 31, 31);
INSERT INTO CONSUMO_SERVICIO (id_consumo, cantidad, total, id_reserva, id_servicio) VALUES (31, 2, 20000, 32, 32);
INSERT INTO CONSUMO_SERVICIO (id_consumo, cantidad, total, id_reserva, id_servicio) VALUES (32, 3, 30000, 33, 33);
INSERT INTO CONSUMO_SERVICIO (id_consumo, cantidad, total, id_reserva, id_servicio) VALUES (33, 4, 40000, 34, 34);
INSERT INTO CONSUMO_SERVICIO (id_consumo, cantidad, total, id_reserva, id_servicio) VALUES (34, 5, 50000, 35, 35);
INSERT INTO CONSUMO_SERVICIO (id_consumo, cantidad, total, id_reserva, id_servicio) VALUES (35, 1, 10000, 36, 36);
INSERT INTO CONSUMO_SERVICIO (id_consumo, cantidad, total, id_reserva, id_servicio) VALUES (36, 2, 20000, 37, 37);
INSERT INTO CONSUMO_SERVICIO (id_consumo, cantidad, total, id_reserva, id_servicio) VALUES (37, 3, 30000, 38, 38);
INSERT INTO CONSUMO_SERVICIO (id_consumo, cantidad, total, id_reserva, id_servicio) VALUES (38, 4, 40000, 39, 39);
INSERT INTO CONSUMO_SERVICIO (id_consumo, cantidad, total, id_reserva, id_servicio) VALUES (39, 5, 50000, 40, 40);
INSERT INTO CONSUMO_SERVICIO (id_consumo, cantidad, total, id_reserva, id_servicio) VALUES (40, 1, 10000, 41, 41);
INSERT INTO CONSUMO_SERVICIO (id_consumo, cantidad, total, id_reserva, id_servicio) VALUES (41, 2, 20000, 42, 42);
INSERT INTO CONSUMO_SERVICIO (id_consumo, cantidad, total, id_reserva, id_servicio) VALUES (42, 3, 30000, 43, 43);
INSERT INTO CONSUMO_SERVICIO (id_consumo, cantidad, total, id_reserva, id_servicio) VALUES (43, 4, 40000, 44, 44);
INSERT INTO CONSUMO_SERVICIO (id_consumo, cantidad, total, id_reserva, id_servicio) VALUES (44, 5, 50000, 45, 45);
INSERT INTO CONSUMO_SERVICIO (id_consumo, cantidad, total, id_reserva, id_servicio) VALUES (45, 1, 10000, 46, 46);
INSERT INTO CONSUMO_SERVICIO (id_consumo, cantidad, total, id_reserva, id_servicio) VALUES (46, 2, 20000, 47, 47);
INSERT INTO CONSUMO_SERVICIO (id_consumo, cantidad, total, id_reserva, id_servicio) VALUES (47, 3, 30000, 48, 48);
INSERT INTO CONSUMO_SERVICIO (id_consumo, cantidad, total, id_reserva, id_servicio) VALUES (48, 4, 40000, 49, 49);
INSERT INTO CONSUMO_SERVICIO (id_consumo, cantidad, total, id_reserva, id_servicio) VALUES (49, 5, 50000, 50, 50);
INSERT INTO CONSUMO_SERVICIO (id_consumo, cantidad, total, id_reserva, id_servicio) VALUES (50, 1, 10000, 51, 1);

-- Insertar Mtodos de Pago
INSERT INTO METODO_PAGO VALUES (1, 'Efectivo', 'Pago en efectivo en recepcin');
INSERT INTO METODO_PAGO VALUES (2, 'Tarjeta Dbito', 'Pago con tarjeta de dbito');
INSERT INTO METODO_PAGO VALUES (3, 'Tarjeta Crdito', 'Pago con tarjeta de crdito');
INSERT INTO METODO_PAGO VALUES (4, 'Transferencia', 'Pago por transferencia bancaria');
INSERT INTO METODO_PAGO VALUES (5, 'Pago Online', 'Pago mediante plataforma online');

-- Insertar Pagos
INSERT INTO PAGO (id_pago, id_reserva, monto, fecha_de_pago, id_metodo_pago) VALUES (1, 2, 51000, TO_DATE('2025-09-02','YYYY-MM-DD'), 2);
INSERT INTO PAGO (id_pago, id_reserva, monto, fecha_de_pago, id_metodo_pago) VALUES (2, 3, 52000, TO_DATE('2025-09-03','YYYY-MM-DD'), 3);
INSERT INTO PAGO (id_pago, id_reserva, monto, fecha_de_pago, id_metodo_pago) VALUES (3, 4, 53000, TO_DATE('2025-09-04','YYYY-MM-DD'), 4);
INSERT INTO PAGO (id_pago, id_reserva, monto, fecha_de_pago, id_metodo_pago) VALUES (4, 5, 54000, TO_DATE('2025-09-05','YYYY-MM-DD'), 5);
INSERT INTO PAGO (id_pago, id_reserva, monto, fecha_de_pago, id_metodo_pago) VALUES (5, 6, 55000, TO_DATE('2025-09-06','YYYY-MM-DD'), 1);
INSERT INTO PAGO (id_pago, id_reserva, monto, fecha_de_pago, id_metodo_pago) VALUES (6, 7, 56000, TO_DATE('2025-09-07','YYYY-MM-DD'), 2);
INSERT INTO PAGO (id_pago, id_reserva, monto, fecha_de_pago, id_metodo_pago) VALUES (7, 8, 57000, TO_DATE('2025-09-08','YYYY-MM-DD'), 3);
INSERT INTO PAGO (id_pago, id_reserva, monto, fecha_de_pago, id_metodo_pago) VALUES (8, 9, 58000, TO_DATE('2025-09-09','YYYY-MM-DD'), 4);
INSERT INTO PAGO (id_pago, id_reserva, monto, fecha_de_pago, id_metodo_pago) VALUES (9, 10, 59000, TO_DATE('2025-09-10','YYYY-MM-DD'), 5);
INSERT INTO PAGO (id_pago, id_reserva, monto, fecha_de_pago, id_metodo_pago) VALUES (10, 11, 60000, TO_DATE('2025-09-11','YYYY-MM-DD'), 1);
INSERT INTO PAGO (id_pago, id_reserva, monto, fecha_de_pago, id_metodo_pago) VALUES (11, 12, 61000, TO_DATE('2025-09-12','YYYY-MM-DD'), 2);
INSERT INTO PAGO (id_pago, id_reserva, monto, fecha_de_pago, id_metodo_pago) VALUES (12, 13, 62000, TO_DATE('2025-09-13','YYYY-MM-DD'), 3);
INSERT INTO PAGO (id_pago, id_reserva, monto, fecha_de_pago, id_metodo_pago) VALUES (13, 14, 63000, TO_DATE('2025-09-14','YYYY-MM-DD'), 4);
INSERT INTO PAGO (id_pago, id_reserva, monto, fecha_de_pago, id_metodo_pago) VALUES (14, 15, 64000, TO_DATE('2025-09-15','YYYY-MM-DD'), 5);
INSERT INTO PAGO (id_pago, id_reserva, monto, fecha_de_pago, id_metodo_pago) VALUES (15, 16, 65000, TO_DATE('2025-09-16','YYYY-MM-DD'), 1);
INSERT INTO PAGO (id_pago, id_reserva, monto, fecha_de_pago, id_metodo_pago) VALUES (16, 17, 66000, TO_DATE('2025-09-17','YYYY-MM-DD'), 2);
INSERT INTO PAGO (id_pago, id_reserva, monto, fecha_de_pago, id_metodo_pago) VALUES (17, 18, 67000, TO_DATE('2025-09-18','YYYY-MM-DD'), 3);
INSERT INTO PAGO (id_pago, id_reserva, monto, fecha_de_pago, id_metodo_pago) VALUES (18, 19, 68000, TO_DATE('2025-09-19','YYYY-MM-DD'), 4);
INSERT INTO PAGO (id_pago, id_reserva, monto, fecha_de_pago, id_metodo_pago) VALUES (19, 20, 69000, TO_DATE('2025-09-20','YYYY-MM-DD'), 5);
INSERT INTO PAGO (id_pago, id_reserva, monto, fecha_de_pago, id_metodo_pago) VALUES (20, 21, 70000, TO_DATE('2025-09-21','YYYY-MM-DD'), 1);
INSERT INTO PAGO (id_pago, id_reserva, monto, fecha_de_pago, id_metodo_pago) VALUES (21, 22, 71000, TO_DATE('2025-09-22','YYYY-MM-DD'), 2);
INSERT INTO PAGO (id_pago, id_reserva, monto, fecha_de_pago, id_metodo_pago) VALUES (22, 23, 72000, TO_DATE('2025-09-23','YYYY-MM-DD'), 3);
INSERT INTO PAGO (id_pago, id_reserva, monto, fecha_de_pago, id_metodo_pago) VALUES (23, 24, 73000, TO_DATE('2025-09-24','YYYY-MM-DD'), 4);
INSERT INTO PAGO (id_pago, id_reserva, monto, fecha_de_pago, id_metodo_pago) VALUES (24, 25, 74000, TO_DATE('2025-09-25','YYYY-MM-DD'), 5);
INSERT INTO PAGO (id_pago, id_reserva, monto, fecha_de_pago, id_metodo_pago) VALUES (25, 26, 75000, TO_DATE('2025-09-26','YYYY-MM-DD'), 1);
INSERT INTO PAGO (id_pago, id_reserva, monto, fecha_de_pago, id_metodo_pago) VALUES (26, 27, 76000, TO_DATE('2025-09-27','YYYY-MM-DD'), 2);
INSERT INTO PAGO (id_pago, id_reserva, monto, fecha_de_pago, id_metodo_pago) VALUES (27, 28, 77000, TO_DATE('2025-09-28','YYYY-MM-DD'), 3);
INSERT INTO PAGO (id_pago, id_reserva, monto, fecha_de_pago, id_metodo_pago) VALUES (28, 29, 78000, TO_DATE('2025-09-01','YYYY-MM-DD'), 4);
INSERT INTO PAGO (id_pago, id_reserva, monto, fecha_de_pago, id_metodo_pago) VALUES (29, 30, 79000, TO_DATE('2025-09-02','YYYY-MM-DD'), 5);
INSERT INTO PAGO (id_pago, id_reserva, monto, fecha_de_pago, id_metodo_pago) VALUES (30, 31, 80000, TO_DATE('2025-09-03','YYYY-MM-DD'), 1);
INSERT INTO PAGO (id_pago, id_reserva, monto, fecha_de_pago, id_metodo_pago) VALUES (31, 32, 81000, TO_DATE('2025-09-04','YYYY-MM-DD'), 2);
INSERT INTO PAGO (id_pago, id_reserva, monto, fecha_de_pago, id_metodo_pago) VALUES (32, 33, 82000, TO_DATE('2025-09-05','YYYY-MM-DD'), 3);
INSERT INTO PAGO (id_pago, id_reserva, monto, fecha_de_pago, id_metodo_pago) VALUES (33, 34, 83000, TO_DATE('2025-09-06','YYYY-MM-DD'), 4);
INSERT INTO PAGO (id_pago, id_reserva, monto, fecha_de_pago, id_metodo_pago) VALUES (34, 35, 84000, TO_DATE('2025-09-07','YYYY-MM-DD'), 5);
INSERT INTO PAGO (id_pago, id_reserva, monto, fecha_de_pago, id_metodo_pago) VALUES (35, 36, 85000, TO_DATE('2025-09-08','YYYY-MM-DD'), 1);
INSERT INTO PAGO (id_pago, id_reserva, monto, fecha_de_pago, id_metodo_pago) VALUES (36, 37, 86000, TO_DATE('2025-09-09','YYYY-MM-DD'), 2);
INSERT INTO PAGO (id_pago, id_reserva, monto, fecha_de_pago, id_metodo_pago) VALUES (37, 38, 87000, TO_DATE('2025-09-10','YYYY-MM-DD'), 3);
INSERT INTO PAGO (id_pago, id_reserva, monto, fecha_de_pago, id_metodo_pago) VALUES (38, 39, 88000, TO_DATE('2025-09-11','YYYY-MM-DD'), 4);
INSERT INTO PAGO (id_pago, id_reserva, monto, fecha_de_pago, id_metodo_pago) VALUES (39, 40, 89000, TO_DATE('2025-09-12','YYYY-MM-DD'), 5);
INSERT INTO PAGO (id_pago, id_reserva, monto, fecha_de_pago, id_metodo_pago) VALUES (40, 41, 90000, TO_DATE('2025-09-13','YYYY-MM-DD'), 1);
INSERT INTO PAGO (id_pago, id_reserva, monto, fecha_de_pago, id_metodo_pago) VALUES (41, 42, 91000, TO_DATE('2025-09-14','YYYY-MM-DD'), 2);
INSERT INTO PAGO (id_pago, id_reserva, monto, fecha_de_pago, id_metodo_pago) VALUES (42, 43, 92000, TO_DATE('2025-09-15','YYYY-MM-DD'), 3);
INSERT INTO PAGO (id_pago, id_reserva, monto, fecha_de_pago, id_metodo_pago) VALUES (43, 44, 93000, TO_DATE('2025-09-16','YYYY-MM-DD'), 4);
INSERT INTO PAGO (id_pago, id_reserva, monto, fecha_de_pago, id_metodo_pago) VALUES (44, 45, 94000, TO_DATE('2025-09-17','YYYY-MM-DD'), 5);
INSERT INTO PAGO (id_pago, id_reserva, monto, fecha_de_pago, id_metodo_pago) VALUES (45, 46, 95000, TO_DATE('2025-09-18','YYYY-MM-DD'), 1);
INSERT INTO PAGO (id_pago, id_reserva, monto, fecha_de_pago, id_metodo_pago) VALUES (46, 47, 96000, TO_DATE('2025-09-19','YYYY-MM-DD'), 2);
INSERT INTO PAGO (id_pago, id_reserva, monto, fecha_de_pago, id_metodo_pago) VALUES (47, 48, 97000, TO_DATE('2025-09-20','YYYY-MM-DD'), 3);
INSERT INTO PAGO (id_pago, id_reserva, monto, fecha_de_pago, id_metodo_pago) VALUES (48, 49, 98000, TO_DATE('2025-09-21','YYYY-MM-DD'), 4);
INSERT INTO PAGO (id_pago, id_reserva, monto, fecha_de_pago, id_metodo_pago) VALUES (49, 50, 99000, TO_DATE('2025-09-22','YYYY-MM-DD'), 5);
INSERT INTO PAGO (id_pago, id_reserva, monto, fecha_de_pago, id_metodo_pago) VALUES (50, 51, 100000, TO_DATE('2025-09-23','YYYY-MM-DD'), 1);
INSERT INTO PAGO (id_pago, id_reserva, monto, fecha_de_pago, id_metodo_pago) VALUES (51, 52, 101000, TO_DATE('2025-09-24','YYYY-MM-DD'), 2);
INSERT INTO PAGO (id_pago, id_reserva, monto, fecha_de_pago, id_metodo_pago) VALUES (52, 53, 102000, TO_DATE('2025-09-25','YYYY-MM-DD'), 3);
INSERT INTO PAGO (id_pago, id_reserva, monto, fecha_de_pago, id_metodo_pago) VALUES (53, 54, 103000, TO_DATE('2025-09-26','YYYY-MM-DD'), 4);
INSERT INTO PAGO (id_pago, id_reserva, monto, fecha_de_pago, id_metodo_pago) VALUES (54, 55, 104000, TO_DATE('2025-09-27','YYYY-MM-DD'), 5);
INSERT INTO PAGO (id_pago, id_reserva, monto, fecha_de_pago, id_metodo_pago) VALUES (55, 56, 105000, TO_DATE('2025-09-28','YYYY-MM-DD'), 1);
INSERT INTO PAGO (id_pago, id_reserva, monto, fecha_de_pago, id_metodo_pago) VALUES (56, 57, 106000, TO_DATE('2025-09-01','YYYY-MM-DD'), 2);
INSERT INTO PAGO (id_pago, id_reserva, monto, fecha_de_pago, id_metodo_pago) VALUES (57, 58, 107000, TO_DATE('2025-09-02','YYYY-MM-DD'), 3);
INSERT INTO PAGO (id_pago, id_reserva, monto, fecha_de_pago, id_metodo_pago) VALUES (58, 59, 108000, TO_DATE('2025-09-03','YYYY-MM-DD'), 4);
INSERT INTO PAGO (id_pago, id_reserva, monto, fecha_de_pago, id_metodo_pago) VALUES (59, 60, 109000, TO_DATE('2025-09-04','YYYY-MM-DD'), 5);
INSERT INTO PAGO (id_pago, id_reserva, monto, fecha_de_pago, id_metodo_pago) VALUES (60, 61, 110000, TO_DATE('2025-09-05','YYYY-MM-DD'), 1);
INSERT INTO PAGO (id_pago, id_reserva, monto, fecha_de_pago, id_metodo_pago) VALUES (61, 62, 111000, TO_DATE('2025-09-06','YYYY-MM-DD'), 2);
INSERT INTO PAGO (id_pago, id_reserva, monto, fecha_de_pago, id_metodo_pago) VALUES (62, 63, 112000, TO_DATE('2025-09-07','YYYY-MM-DD'), 3);
INSERT INTO PAGO (id_pago, id_reserva, monto, fecha_de_pago, id_metodo_pago) VALUES (63, 64, 113000, TO_DATE('2025-09-08','YYYY-MM-DD'), 4);
INSERT INTO PAGO (id_pago, id_reserva, monto, fecha_de_pago, id_metodo_pago) VALUES (64, 65, 114000, TO_DATE('2025-09-09','YYYY-MM-DD'), 5);
INSERT INTO PAGO (id_pago, id_reserva, monto, fecha_de_pago, id_metodo_pago) VALUES (65, 66, 115000, TO_DATE('2025-09-10','YYYY-MM-DD'), 1);
INSERT INTO PAGO (id_pago, id_reserva, monto, fecha_de_pago, id_metodo_pago) VALUES (66, 67, 116000, TO_DATE('2025-09-11','YYYY-MM-DD'), 2);
INSERT INTO PAGO (id_pago, id_reserva, monto, fecha_de_pago, id_metodo_pago) VALUES (67, 68, 117000, TO_DATE('2025-09-12','YYYY-MM-DD'), 3);
INSERT INTO PAGO (id_pago, id_reserva, monto, fecha_de_pago, id_metodo_pago) VALUES (68, 69, 118000, TO_DATE('2025-09-13','YYYY-MM-DD'), 4);
INSERT INTO PAGO (id_pago, id_reserva, monto, fecha_de_pago, id_metodo_pago) VALUES (69, 70, 119000, TO_DATE('2025-09-14','YYYY-MM-DD'), 5);
INSERT INTO PAGO (id_pago, id_reserva, monto, fecha_de_pago, id_metodo_pago) VALUES (70, 71, 120000, TO_DATE('2025-09-15','YYYY-MM-DD'), 1);
INSERT INTO PAGO (id_pago, id_reserva, monto, fecha_de_pago, id_metodo_pago) VALUES (71, 72, 121000, TO_DATE('2025-09-16','YYYY-MM-DD'), 2);
INSERT INTO PAGO (id_pago, id_reserva, monto, fecha_de_pago, id_metodo_pago) VALUES (72, 73, 122000, TO_DATE('2025-09-17','YYYY-MM-DD'), 3);
INSERT INTO PAGO (id_pago, id_reserva, monto, fecha_de_pago, id_metodo_pago) VALUES (73, 74, 123000, TO_DATE('2025-09-18','YYYY-MM-DD'), 4);
INSERT INTO PAGO (id_pago, id_reserva, monto, fecha_de_pago, id_metodo_pago) VALUES (74, 75, 124000, TO_DATE('2025-09-19','YYYY-MM-DD'), 5);
INSERT INTO PAGO (id_pago, id_reserva, monto, fecha_de_pago, id_metodo_pago) VALUES (75, 76, 125000, TO_DATE('2025-09-20','YYYY-MM-DD'), 1);
INSERT INTO PAGO (id_pago, id_reserva, monto, fecha_de_pago, id_metodo_pago) VALUES (76, 77, 126000, TO_DATE('2025-09-21','YYYY-MM-DD'), 2);
INSERT INTO PAGO (id_pago, id_reserva, monto, fecha_de_pago, id_metodo_pago) VALUES (77, 78, 127000, TO_DATE('2025-09-22','YYYY-MM-DD'), 3);
INSERT INTO PAGO (id_pago, id_reserva, monto, fecha_de_pago, id_metodo_pago) VALUES (78, 79, 128000, TO_DATE('2025-09-23','YYYY-MM-DD'), 4);
INSERT INTO PAGO (id_pago, id_reserva, monto, fecha_de_pago, id_metodo_pago) VALUES (79, 80, 129000, TO_DATE('2025-09-24','YYYY-MM-DD'), 5);
INSERT INTO PAGO (id_pago, id_reserva, monto, fecha_de_pago, id_metodo_pago) VALUES (80, 81, 130000, TO_DATE('2025-09-25','YYYY-MM-DD'), 1);
INSERT INTO PAGO (id_pago, id_reserva, monto, fecha_de_pago, id_metodo_pago) VALUES (81, 82, 131000, TO_DATE('2025-09-26','YYYY-MM-DD'), 2);
INSERT INTO PAGO (id_pago, id_reserva, monto, fecha_de_pago, id_metodo_pago) VALUES (82, 83, 132000, TO_DATE('2025-09-27','YYYY-MM-DD'), 3);
INSERT INTO PAGO (id_pago, id_reserva, monto, fecha_de_pago, id_metodo_pago) VALUES (83, 84, 133000, TO_DATE('2025-09-28','YYYY-MM-DD'), 4);
INSERT INTO PAGO (id_pago, id_reserva, monto, fecha_de_pago, id_metodo_pago) VALUES (84, 85, 134000, TO_DATE('2025-09-01','YYYY-MM-DD'), 5);
INSERT INTO PAGO (id_pago, id_reserva, monto, fecha_de_pago, id_metodo_pago) VALUES (85, 86, 135000, TO_DATE('2025-09-02','YYYY-MM-DD'), 1);
INSERT INTO PAGO (id_pago, id_reserva, monto, fecha_de_pago, id_metodo_pago) VALUES (86, 87, 136000, TO_DATE('2025-09-03','YYYY-MM-DD'), 2);
INSERT INTO PAGO (id_pago, id_reserva, monto, fecha_de_pago, id_metodo_pago) VALUES (87, 88, 137000, TO_DATE('2025-09-04','YYYY-MM-DD'), 3);
INSERT INTO PAGO (id_pago, id_reserva, monto, fecha_de_pago, id_metodo_pago) VALUES (88, 89, 138000, TO_DATE('2025-09-05','YYYY-MM-DD'), 4);
INSERT INTO PAGO (id_pago, id_reserva, monto, fecha_de_pago, id_metodo_pago) VALUES (89, 90, 139000, TO_DATE('2025-09-06','YYYY-MM-DD'), 5);
INSERT INTO PAGO (id_pago, id_reserva, monto, fecha_de_pago, id_metodo_pago) VALUES (90, 91, 140000, TO_DATE('2025-09-07','YYYY-MM-DD'), 1);
INSERT INTO PAGO (id_pago, id_reserva, monto, fecha_de_pago, id_metodo_pago) VALUES (91, 92, 141000, TO_DATE('2025-09-08','YYYY-MM-DD'), 2);
INSERT INTO PAGO (id_pago, id_reserva, monto, fecha_de_pago, id_metodo_pago) VALUES (92, 93, 142000, TO_DATE('2025-09-09','YYYY-MM-DD'), 3);
INSERT INTO PAGO (id_pago, id_reserva, monto, fecha_de_pago, id_metodo_pago) VALUES (93, 94, 143000, TO_DATE('2025-09-10','YYYY-MM-DD'), 4);
INSERT INTO PAGO (id_pago, id_reserva, monto, fecha_de_pago, id_metodo_pago) VALUES (94, 95, 144000, TO_DATE('2025-09-11','YYYY-MM-DD'), 5);
INSERT INTO PAGO (id_pago, id_reserva, monto, fecha_de_pago, id_metodo_pago) VALUES (95, 96, 145000, TO_DATE('2025-09-12','YYYY-MM-DD'), 1);
INSERT INTO PAGO (id_pago, id_reserva, monto, fecha_de_pago, id_metodo_pago) VALUES (96, 97, 146000, TO_DATE('2025-09-13','YYYY-MM-DD'), 2);
INSERT INTO PAGO (id_pago, id_reserva, monto, fecha_de_pago, id_metodo_pago) VALUES (97, 98, 147000, TO_DATE('2025-09-14','YYYY-MM-DD'), 3);
INSERT INTO PAGO (id_pago, id_reserva, monto, fecha_de_pago, id_metodo_pago) VALUES (98, 99, 148000, TO_DATE('2025-09-15','YYYY-MM-DD'), 4);
INSERT INTO PAGO (id_pago, id_reserva, monto, fecha_de_pago, id_metodo_pago) VALUES (99, 100, 149000, TO_DATE('2025-09-16','YYYY-MM-DD'), 5);
INSERT INTO PAGO (id_pago, id_reserva, monto, fecha_de_pago, id_metodo_pago) VALUES (100, 1, 150000, TO_DATE('2025-09-17','YYYY-MM-DD'), 1);
