-- Insertar Hoteles
INSERT INTO HOTEL (id_hotel, nombre, direccion, telefono, email) 
VALUES (1, 'Hotel Grand Plaza', 'Av. Libertador 1234, Santiago, Chile', '123456789', 'contacto@grandplaza.com');

INSERT INTO HOTEL (id_hotel, nombre, direccion, telefono, email) 
VALUES (2, 'Hotel Vista Verde', 'Calle Sol 567, Valparaíso, Chile', '987654321', 'info@vistaverde.com');


-- Insertar Servicios
INSERT INTO SERVICIO (id_servicio, nombre_servicio, descripcion, precio_servicio, id_hotel) VALUES (1, 'Servicio 1', 'Servicio de desayuno buffet con opciones internacionales.', 6000, 1);
INSERT INTO SERVICIO (id_servicio, nombre_servicio, descripcion, precio_servicio, id_hotel) VALUES (2, 'Servicio 2', 'Acceso al gimnasio totalmente equipado.', 7000, 1);
INSERT INTO SERVICIO (id_servicio, nombre_servicio, descripcion, precio_servicio, id_hotel) VALUES (3, 'Servicio 3', 'Piscina climatizada con zona de reposo.', 8000, 1);
INSERT INTO SERVICIO (id_servicio, nombre_servicio, descripcion, precio_servicio, id_hotel) VALUES (4, 'Servicio 4', 'Conexión Wi-Fi de alta velocidad en todo el hotel.', 9000, 1);
INSERT INTO SERVICIO (id_servicio, nombre_servicio, descripcion, precio_servicio, id_hotel) VALUES (5, 'Servicio 5', 'Estacionamiento privado y seguro.', 10000, 1);
INSERT INTO SERVICIO (id_servicio, nombre_servicio, descripcion, precio_servicio, id_hotel) VALUES (6, 'Servicio 6', 'Servicio de lavandería y planchado express.', 11000, 1);
INSERT INTO SERVICIO (id_servicio, nombre_servicio, descripcion, precio_servicio, id_hotel) VALUES (7, 'Servicio 7', 'Atención médica primaria 24 horas.', 12000, 1);
INSERT INTO SERVICIO (id_servicio, nombre_servicio, descripcion, precio_servicio, id_hotel) VALUES (8, 'Servicio 8', 'Sala de conferencias con equipos audiovisuales.', 13000, 1);
INSERT INTO SERVICIO (id_servicio, nombre_servicio, descripcion, precio_servicio, id_hotel) VALUES (9, 'Servicio 9', 'Servicio de traslado al aeropuerto.', 14000, 1);
INSERT INTO SERVICIO (id_servicio, nombre_servicio, descripcion, precio_servicio, id_hotel) VALUES (10, 'Servicio 10', 'Cafetería con repostería artesanal.', 15000, 1);
INSERT INTO SERVICIO (id_servicio, nombre_servicio, descripcion, precio_servicio, id_hotel) VALUES (11, 'Servicio 11', 'Spa con masajes relajantes y terapias.', 16000, 1);
INSERT INTO SERVICIO (id_servicio, nombre_servicio, descripcion, precio_servicio, id_hotel) VALUES (12, 'Servicio 12', 'Clases de yoga y meditación en la terraza.', 17000, 1);
INSERT INTO SERVICIO (id_servicio, nombre_servicio, descripcion, precio_servicio, id_hotel) VALUES (13, 'Servicio 13', 'Bar en la azotea con vista panorámica.', 18000, 1);
INSERT INTO SERVICIO (id_servicio, nombre_servicio, descripcion, precio_servicio, id_hotel) VALUES (14, 'Servicio 14', 'Guardería y actividades infantiles.', 19000, 1);
INSERT INTO SERVICIO (id_servicio, nombre_servicio, descripcion, precio_servicio, id_hotel) VALUES (15, 'Servicio 15', 'Servicio de habitaciones disponible las 24 horas.', 20000, 1);
INSERT INTO SERVICIO (id_servicio, nombre_servicio, descripcion, precio_servicio, id_hotel) VALUES (16, 'Servicio 16', 'Tours guiados por la ciudad y alrededores.', 21000, 1);
INSERT INTO SERVICIO (id_servicio, nombre_servicio, descripcion, precio_servicio, id_hotel) VALUES (17, 'Servicio 17', 'Cancha de tenis y alquiler de equipos.', 22000, 1);
INSERT INTO SERVICIO (id_servicio, nombre_servicio, descripcion, precio_servicio, id_hotel) VALUES (18, 'Servicio 18', 'Servicio de niñera bajo reserva.', 23000, 1);
INSERT INTO SERVICIO (id_servicio, nombre_servicio, descripcion, precio_servicio, id_hotel) VALUES (19, 'Servicio 19', 'Sala de juegos con consolas y billar.', 24000, 1);
INSERT INTO SERVICIO (id_servicio, nombre_servicio, descripcion, precio_servicio, id_hotel) VALUES (20, 'Servicio 20', 'Biblioteca con área de lectura tranquila.', 25000, 1);
INSERT INTO SERVICIO (id_servicio, nombre_servicio, descripcion, precio_servicio, id_hotel) VALUES (21, 'Servicio 21', 'Desayuno servido en la habitación.', 26000, 1);
INSERT INTO SERVICIO (id_servicio, nombre_servicio, descripcion, precio_servicio, id_hotel) VALUES (22, 'Servicio 22', 'Servicio de tintorería premium.', 27000, 1);
INSERT INTO SERVICIO (id_servicio, nombre_servicio, descripcion, precio_servicio, id_hotel) VALUES (23, 'Servicio 23', 'Clases de cocina local en grupo.', 28000, 1);
INSERT INTO SERVICIO (id_servicio, nombre_servicio, descripcion, precio_servicio, id_hotel) VALUES (24, 'Servicio 24', 'Espacios de coworking con internet dedicado.', 29000, 1);
INSERT INTO SERVICIO (id_servicio, nombre_servicio, descripcion, precio_servicio, id_hotel) VALUES (25, 'Servicio 25', 'Acceso exclusivo al club lounge del hotel.', 30000, 1);

INSERT INTO SERVICIO (id_servicio, nombre_servicio, descripcion, precio_servicio, id_hotel) VALUES (26, 'Servicio 26', 'Servicio de cena gourmet en restaurante de autor.', 31000, 2);
INSERT INTO SERVICIO (id_servicio, nombre_servicio, descripcion, precio_servicio, id_hotel) VALUES (27, 'Servicio 27', 'Acceso al jacuzzi privado en la suite.', 32000, 2);
INSERT INTO SERVICIO (id_servicio, nombre_servicio, descripcion, precio_servicio, id_hotel) VALUES (28, 'Servicio 28', 'Alquiler de bicicletas eléctricas para huéspedes.', 33000, 2);
INSERT INTO SERVICIO (id_servicio, nombre_servicio, descripcion, precio_servicio, id_hotel) VALUES (29, 'Servicio 29', 'Clases de buceo y snorkel en la playa cercana.', 34000, 2);
INSERT INTO SERVICIO (id_servicio, nombre_servicio, descripcion, precio_servicio, id_hotel) VALUES (30, 'Servicio 30', 'Servicio de mayordomo personalizado.', 35000, 2);
INSERT INTO SERVICIO (id_servicio, nombre_servicio, descripcion, precio_servicio, id_hotel) VALUES (31, 'Servicio 31', 'Catas de vino y coctelería internacional.', 36000, 2);
INSERT INTO SERVICIO (id_servicio, nombre_servicio, descripcion, precio_servicio, id_hotel) VALUES (32, 'Servicio 32', 'Excursiones ecológicas con guías certificados.', 37000, 2);
INSERT INTO SERVICIO (id_servicio, nombre_servicio, descripcion, precio_servicio, id_hotel) VALUES (33, 'Servicio 33', 'Transporte privado en vehículo de lujo.', 38000, 2);
INSERT INTO SERVICIO (id_servicio, nombre_servicio, descripcion, precio_servicio, id_hotel) VALUES (34, 'Servicio 34', 'Cine al aire libre con proyecciones nocturnas.', 39000, 2);
INSERT INTO SERVICIO (id_servicio, nombre_servicio, descripcion, precio_servicio, id_hotel) VALUES (35, 'Servicio 35', 'Acceso a campo de golf cercano con descuento.', 40000, 2);
INSERT INTO SERVICIO (id_servicio, nombre_servicio, descripcion, precio_servicio, id_hotel) VALUES (36, 'Servicio 36', 'Peluquería y barbería dentro del hotel.', 41000, 2);
INSERT INTO SERVICIO (id_servicio, nombre_servicio, descripcion, precio_servicio, id_hotel) VALUES (37, 'Servicio 37', 'Gimnasio con entrenador personal.', 42000, 2);
INSERT INTO SERVICIO (id_servicio, nombre_servicio, descripcion, precio_servicio, id_hotel) VALUES (38, 'Servicio 38', 'Servicio de picnic en la playa o jardín.', 43000, 2);
INSERT INTO SERVICIO (id_servicio, nombre_servicio, descripcion, precio_servicio, id_hotel) VALUES (39, 'Servicio 39', 'Clases de surf con instructores locales.', 44000, 2);
INSERT INTO SERVICIO (id_servicio, nombre_servicio, descripcion, precio_servicio, id_hotel) VALUES (40, 'Servicio 40', 'Atenciones especiales para aniversarios y bodas.', 45000, 2);
INSERT INTO SERVICIO (id_servicio, nombre_servicio, descripcion, precio_servicio, id_hotel) VALUES (41, 'Servicio 41', 'Menú vegano y vegetariano especializado.', 46000, 2);
INSERT INTO SERVICIO (id_servicio, nombre_servicio, descripcion, precio_servicio, id_hotel) VALUES (42, 'Servicio 42', 'Servicio de consigna de equipaje sin costo.', 47000, 2);
INSERT INTO SERVICIO (id_servicio, nombre_servicio, descripcion, precio_servicio, id_hotel) VALUES (43, 'Servicio 43', 'Actividades nocturnas con música en vivo.', 48000, 2);
INSERT INTO SERVICIO (id_servicio, nombre_servicio, descripcion, precio_servicio, id_hotel) VALUES (44, 'Servicio 44', 'Terapias de aromaterapia y reflexología.', 49000, 2);
INSERT INTO SERVICIO (id_servicio, nombre_servicio, descripcion, precio_servicio, id_hotel) VALUES (45, 'Servicio 45', 'Servicio exprés de check-in y check-out.', 50000, 2);
INSERT INTO SERVICIO (id_servicio, nombre_servicio, descripcion, precio_servicio, id_hotel) VALUES (46, 'Servicio 46', 'Sesiones fotográficas profesionales para huéspedes.', 51000, 2);
INSERT INTO SERVICIO (id_servicio, nombre_servicio, descripcion, precio_servicio, id_hotel) VALUES (47, 'Servicio 47', 'Eventos culturales y gastronómicos semanales.', 52000, 2);
INSERT INTO SERVICIO (id_servicio, nombre_servicio, descripcion, precio_servicio, id_hotel) VALUES (48, 'Servicio 48', 'Talleres de arte y manualidades para niños.', 53000, 2);
INSERT INTO SERVICIO (id_servicio, nombre_servicio, descripcion, precio_servicio, id_hotel) VALUES (49, 'Servicio 49', 'Servicio de valet parking 24 horas.', 54000, 2);
INSERT INTO SERVICIO (id_servicio, nombre_servicio, descripcion, precio_servicio, id_hotel) VALUES (50, 'Servicio 50', 'Asistencia para reservas en restaurantes y espectáculos.', 55000, 2);


-- Insertar Habitaciones
INSERT INTO HABITACION (id_habitacion, numero, tipo, precio_por_noche, estado, id_hotel) VALUES (1, '101', 'Individual', 30000, 'D', 1);
INSERT INTO HABITACION (id_habitacion, numero, tipo, precio_por_noche, estado, id_hotel) VALUES (2, '102', 'Doble', 50000, 'D', 1);
INSERT INTO HABITACION (id_habitacion, numero, tipo, precio_por_noche, estado, id_hotel) VALUES (3, '103', 'Suite', 80000, 'D', 1);
INSERT INTO HABITACION (id_habitacion, numero, tipo, precio_por_noche, estado, id_hotel) VALUES (4, '104', 'Individual', 30000, 'O', 1);
INSERT INTO HABITACION (id_habitacion, numero, tipo, precio_por_noche, estado, id_hotel) VALUES (5, '105', 'Doble', 50000, 'D', 1);
INSERT INTO HABITACION (id_habitacion, numero, tipo, precio_por_noche, estado, id_hotel) VALUES (6, '106', 'Suite', 80000, 'D', 1);
INSERT INTO HABITACION (id_habitacion, numero, tipo, precio_por_noche, estado, id_hotel) VALUES (7, '107', 'Individual', 30000, 'D', 1);
INSERT INTO HABITACION (id_habitacion, numero, tipo, precio_por_noche, estado, id_hotel) VALUES (8, '108', 'Doble', 50000, 'O', 1);
INSERT INTO HABITACION (id_habitacion, numero, tipo, precio_por_noche, estado, id_hotel) VALUES (9, '109', 'Suite', 80000, 'D', 1);
INSERT INTO HABITACION (id_habitacion, numero, tipo, precio_por_noche, estado, id_hotel) VALUES (10, '110', 'Individual', 30000, 'D', 1);
INSERT INTO HABITACION (id_habitacion, numero, tipo, precio_por_noche, estado, id_hotel) VALUES (11, '111', 'Doble', 50000, 'D', 1);
INSERT INTO HABITACION (id_habitacion, numero, tipo, precio_por_noche, estado, id_hotel) VALUES (12, '112', 'Suite', 80000, 'O', 1);
INSERT INTO HABITACION (id_habitacion, numero, tipo, precio_por_noche, estado, id_hotel) VALUES (13, '113', 'Individual', 30000, 'D', 1);
INSERT INTO HABITACION (id_habitacion, numero, tipo, precio_por_noche, estado, id_hotel) VALUES (14, '114', 'Doble', 50000, 'D', 1);
INSERT INTO HABITACION (id_habitacion, numero, tipo, precio_por_noche, estado, id_hotel) VALUES (15, '115', 'Suite', 80000, 'D', 1);
INSERT INTO HABITACION (id_habitacion, numero, tipo, precio_por_noche, estado, id_hotel) VALUES (16, '116', 'Individual', 30000, 'O', 1);
INSERT INTO HABITACION (id_habitacion, numero, tipo, precio_por_noche, estado, id_hotel) VALUES (17, '117', 'Doble', 50000, 'D', 1);
INSERT INTO HABITACION (id_habitacion, numero, tipo, precio_por_noche, estado, id_hotel) VALUES (18, '118', 'Suite', 80000, 'D', 1);
INSERT INTO HABITACION (id_habitacion, numero, tipo, precio_por_noche, estado, id_hotel) VALUES (19, '119', 'Individual', 30000, 'D', 1);
INSERT INTO HABITACION (id_habitacion, numero, tipo, precio_por_noche, estado, id_hotel) VALUES (20, '120', 'Doble', 50000, 'O', 1);
INSERT INTO HABITACION (id_habitacion, numero, tipo, precio_por_noche, estado, id_hotel) VALUES (21, '121', 'Suite', 80000, 'D', 1);
INSERT INTO HABITACION (id_habitacion, numero, tipo, precio_por_noche, estado, id_hotel) VALUES (22, '122', 'Individual', 30000, 'D', 1);
INSERT INTO HABITACION (id_habitacion, numero, tipo, precio_por_noche, estado, id_hotel) VALUES (23, '123', 'Doble', 50000, 'D', 1);
INSERT INTO HABITACION (id_habitacion, numero, tipo, precio_por_noche, estado, id_hotel) VALUES (24, '124', 'Suite', 80000, 'O', 1);
INSERT INTO HABITACION (id_habitacion, numero, tipo, precio_por_noche, estado, id_hotel) VALUES (25, '125', 'Individual', 30000, 'D', 1);
INSERT INTO HABITACION (id_habitacion, numero, tipo, precio_por_noche, estado, id_hotel) VALUES (26, '126', 'Doble', 50000, 'D', 1);
INSERT INTO HABITACION (id_habitacion, numero, tipo, precio_por_noche, estado, id_hotel) VALUES (27, '127', 'Suite', 80000, 'D', 1);
INSERT INTO HABITACION (id_habitacion, numero, tipo, precio_por_noche, estado, id_hotel) VALUES (28, '128', 'Individual', 30000, 'O', 1);
INSERT INTO HABITACION (id_habitacion, numero, tipo, precio_por_noche, estado, id_hotel) VALUES (29, '129', 'Doble', 50000, 'D', 1);
INSERT INTO HABITACION (id_habitacion, numero, tipo, precio_por_noche, estado, id_hotel) VALUES (30, '130', 'Suite', 80000, 'D', 1);
INSERT INTO HABITACION (id_habitacion, numero, tipo, precio_por_noche, estado, id_hotel) VALUES (31, '131', 'Individual', 30000, 'D', 1);
INSERT INTO HABITACION (id_habitacion, numero, tipo, precio_por_noche, estado, id_hotel) VALUES (32, '132', 'Doble', 50000, 'O', 1);
INSERT INTO HABITACION (id_habitacion, numero, tipo, precio_por_noche, estado, id_hotel) VALUES (33, '133', 'Suite', 80000, 'D', 1);
INSERT INTO HABITACION (id_habitacion, numero, tipo, precio_por_noche, estado, id_hotel) VALUES (34, '134', 'Individual', 30000, 'D', 1);
INSERT INTO HABITACION (id_habitacion, numero, tipo, precio_por_noche, estado, id_hotel) VALUES (35, '135', 'Doble', 50000, 'D', 1);
INSERT INTO HABITACION (id_habitacion, numero, tipo, precio_por_noche, estado, id_hotel) VALUES (36, '136', 'Suite', 80000, 'O', 1);
INSERT INTO HABITACION (id_habitacion, numero, tipo, precio_por_noche, estado, id_hotel) VALUES (37, '137', 'Individual', 30000, 'D', 1);
INSERT INTO HABITACION (id_habitacion, numero, tipo, precio_por_noche, estado, id_hotel) VALUES (38, '138', 'Doble', 50000, 'D', 1);
INSERT INTO HABITACION (id_habitacion, numero, tipo, precio_por_noche, estado, id_hotel) VALUES (39, '139', 'Suite', 80000, 'D', 1);
INSERT INTO HABITACION (id_habitacion, numero, tipo, precio_por_noche, estado, id_hotel) VALUES (40, '140', 'Individual', 30000, 'O', 1);
INSERT INTO HABITACION (id_habitacion, numero, tipo, precio_por_noche, estado, id_hotel) VALUES (41, '141', 'Doble', 50000, 'D', 1);
INSERT INTO HABITACION (id_habitacion, numero, tipo, precio_por_noche, estado, id_hotel) VALUES (42, '142', 'Suite', 80000, 'D', 1);
INSERT INTO HABITACION (id_habitacion, numero, tipo, precio_por_noche, estado, id_hotel) VALUES (43, '143', 'Individual', 30000, 'D', 1);
INSERT INTO HABITACION (id_habitacion, numero, tipo, precio_por_noche, estado, id_hotel) VALUES (44, '144', 'Doble', 50000, 'O', 1);
INSERT INTO HABITACION (id_habitacion, numero, tipo, precio_por_noche, estado, id_hotel) VALUES (45, '145', 'Suite', 80000, 'D', 1);
INSERT INTO HABITACION (id_habitacion, numero, tipo, precio_por_noche, estado, id_hotel) VALUES (46, '146', 'Individual', 30000, 'D', 1);
INSERT INTO HABITACION (id_habitacion, numero, tipo, precio_por_noche, estado, id_hotel) VALUES (47, '147', 'Doble', 50000, 'D', 1);
INSERT INTO HABITACION (id_habitacion, numero, tipo, precio_por_noche, estado, id_hotel) VALUES (48, '148', 'Suite', 80000, 'O', 1);
INSERT INTO HABITACION (id_habitacion, numero, tipo, precio_por_noche, estado, id_hotel) VALUES (49, '149', 'Individual', 30000, 'D', 1);
INSERT INTO HABITACION (id_habitacion, numero, tipo, precio_por_noche, estado, id_hotel) VALUES (50, '150', 'Doble', 50000, 'D', 1);
INSERT INTO HABITACION (id_habitacion, numero, tipo, precio_por_noche, estado, id_hotel) VALUES (51, '151', 'Suite', 80000, 'D', 1);
INSERT INTO HABITACION (id_habitacion, numero, tipo, precio_por_noche, estado, id_hotel) VALUES (52, '152', 'Individual', 30000, 'O', 1);
INSERT INTO HABITACION (id_habitacion, numero, tipo, precio_por_noche, estado, id_hotel) VALUES (53, '153', 'Doble', 50000, 'D', 1);
INSERT INTO HABITACION (id_habitacion, numero, tipo, precio_por_noche, estado, id_hotel) VALUES (54, '154', 'Suite', 80000, 'D', 1);
INSERT INTO HABITACION (id_habitacion, numero, tipo, precio_por_noche, estado, id_hotel) VALUES (55, '155', 'Individual', 30000, 'D', 1);
INSERT INTO HABITACION (id_habitacion, numero, tipo, precio_por_noche, estado, id_hotel) VALUES (56, '156', 'Doble', 50000, 'O', 1);
INSERT INTO HABITACION (id_habitacion, numero, tipo, precio_por_noche, estado, id_hotel) VALUES (57, '157', 'Suite', 80000, 'D', 1);
INSERT INTO HABITACION (id_habitacion, numero, tipo, precio_por_noche, estado, id_hotel) VALUES (58, '158', 'Individual', 30000, 'D', 1);
INSERT INTO HABITACION (id_habitacion, numero, tipo, precio_por_noche, estado, id_hotel) VALUES (59, '159', 'Doble', 50000, 'D', 1);
INSERT INTO HABITACION (id_habitacion, numero, tipo, precio_por_noche, estado, id_hotel) VALUES (60, '160', 'Suite', 80000, 'O', 1);
INSERT INTO HABITACION (id_habitacion, numero, tipo, precio_por_noche, estado, id_hotel) VALUES (61, '161', 'Individual', 30000, 'D', 1);
INSERT INTO HABITACION (id_habitacion, numero, tipo, precio_por_noche, estado, id_hotel) VALUES (62, '162', 'Doble', 50000, 'D', 1);
INSERT INTO HABITACION (id_habitacion, numero, tipo, precio_por_noche, estado, id_hotel) VALUES (63, '163', 'Suite', 80000, 'D', 1);
INSERT INTO HABITACION (id_habitacion, numero, tipo, precio_por_noche, estado, id_hotel) VALUES (64, '164', 'Individual', 30000, 'O', 1);
INSERT INTO HABITACION (id_habitacion, numero, tipo, precio_por_noche, estado, id_hotel) VALUES (65, '165', 'Doble', 50000, 'D', 1);
INSERT INTO HABITACION (id_habitacion, numero, tipo, precio_por_noche, estado, id_hotel) VALUES (66, '166', 'Suite', 80000, 'D', 1);
INSERT INTO HABITACION (id_habitacion, numero, tipo, precio_por_noche, estado, id_hotel) VALUES (67, '167', 'Individual', 30000, 'D', 1);
INSERT INTO HABITACION (id_habitacion, numero, tipo, precio_por_noche, estado, id_hotel) VALUES (68, '168', 'Doble', 50000, 'O', 1);
INSERT INTO HABITACION (id_habitacion, numero, tipo, precio_por_noche, estado, id_hotel) VALUES (69, '169', 'Suite', 80000, 'D', 1);
INSERT INTO HABITACION (id_habitacion, numero, tipo, precio_por_noche, estado, id_hotel) VALUES (70, '170', 'Individual', 30000, 'D', 1);
INSERT INTO HABITACION (id_habitacion, numero, tipo, precio_por_noche, estado, id_hotel) VALUES (71, '171', 'Doble', 50000, 'D', 1);
INSERT INTO HABITACION (id_habitacion, numero, tipo, precio_por_noche, estado, id_hotel) VALUES (72, '172', 'Suite', 80000, 'O', 1);
INSERT INTO HABITACION (id_habitacion, numero, tipo, precio_por_noche, estado, id_hotel) VALUES (73, '173', 'Individual', 30000, 'D', 1);
INSERT INTO HABITACION (id_habitacion, numero, tipo, precio_por_noche, estado, id_hotel) VALUES (74, '174', 'Doble', 50000, 'D', 1);
INSERT INTO HABITACION (id_habitacion, numero, tipo, precio_por_noche, estado, id_hotel) VALUES (75, '175', 'Suite', 80000, 'D', 1);
INSERT INTO HABITACION (id_habitacion, numero, tipo, precio_por_noche, estado, id_hotel) VALUES (76, '176', 'Individual', 30000, 'O', 1);
INSERT INTO HABITACION (id_habitacion, numero, tipo, precio_por_noche, estado, id_hotel) VALUES (77, '177', 'Doble', 50000, 'D', 1);
INSERT INTO HABITACION (id_habitacion, numero, tipo, precio_por_noche, estado, id_hotel) VALUES (78, '178', 'Suite', 80000, 'D', 1);
INSERT INTO HABITACION (id_habitacion, numero, tipo, precio_por_noche, estado, id_hotel) VALUES (79, '179', 'Individual', 30000, 'D', 1);
INSERT INTO HABITACION (id_habitacion, numero, tipo, precio_por_noche, estado, id_hotel) VALUES (80, '180', 'Doble', 50000, 'O', 1);
INSERT INTO HABITACION (id_habitacion, numero, tipo, precio_por_noche, estado, id_hotel) VALUES (81, '181', 'Suite', 80000, 'D', 1);
INSERT INTO HABITACION (id_habitacion, numero, tipo, precio_por_noche, estado, id_hotel) VALUES (82, '182', 'Individual', 30000, 'D', 1);
INSERT INTO HABITACION (id_habitacion, numero, tipo, precio_por_noche, estado, id_hotel) VALUES (83, '183', 'Doble', 50000, 'D', 1);
INSERT INTO HABITACION (id_habitacion, numero, tipo, precio_por_noche, estado, id_hotel) VALUES (84, '184', 'Suite', 80000, 'O', 1);
INSERT INTO HABITACION (id_habitacion, numero, tipo, precio_por_noche, estado, id_hotel) VALUES (85, '185', 'Individual', 30000, 'D', 1);
INSERT INTO HABITACION (id_habitacion, numero, tipo, precio_por_noche, estado, id_hotel) VALUES (86, '186', 'Doble', 50000, 'D', 1);
INSERT INTO HABITACION (id_habitacion, numero, tipo, precio_por_noche, estado, id_hotel) VALUES (87, '187', 'Suite', 80000, 'D', 1);
INSERT INTO HABITACION (id_habitacion, numero, tipo, precio_por_noche, estado, id_hotel) VALUES (88, '188', 'Individual', 30000, 'O', 1);
INSERT INTO HABITACION (id_habitacion, numero, tipo, precio_por_noche, estado, id_hotel) VALUES (89, '189', 'Doble', 50000, 'D', 1);
INSERT INTO HABITACION (id_habitacion, numero, tipo, precio_por_noche, estado, id_hotel) VALUES (90, '190', 'Suite', 80000, 'D', 1);
INSERT INTO HABITACION (id_habitacion, numero, tipo, precio_por_noche, estado, id_hotel) VALUES (91, '191', 'Individual', 30000, 'D', 1);
INSERT INTO HABITACION (id_habitacion, numero, tipo, precio_por_noche, estado, id_hotel) VALUES (92, '192', 'Doble', 50000, 'O', 1);
INSERT INTO HABITACION (id_habitacion, numero, tipo, precio_por_noche, estado, id_hotel) VALUES (93, '193', 'Suite', 80000, 'D', 1);
INSERT INTO HABITACION (id_habitacion, numero, tipo, precio_por_noche, estado, id_hotel) VALUES (94, '194', 'Individual', 30000, 'D', 1);
INSERT INTO HABITACION (id_habitacion, numero, tipo, precio_por_noche, estado, id_hotel) VALUES (95, '195', 'Doble', 50000, 'D', 1);
INSERT INTO HABITACION (id_habitacion, numero, tipo, precio_por_noche, estado, id_hotel) VALUES (96, '196', 'Suite', 80000, 'O', 1);
INSERT INTO HABITACION (id_habitacion, numero, tipo, precio_por_noche, estado, id_hotel) VALUES (97, '197', 'Individual', 30000, 'D', 1);
INSERT INTO HABITACION (id_habitacion, numero, tipo, precio_por_noche, estado, id_hotel) VALUES (98, '198', 'Doble', 50000, 'D', 1);
INSERT INTO HABITACION (id_habitacion, numero, tipo, precio_por_noche, estado, id_hotel) VALUES (99, '199', 'Suite', 80000, 'D', 1);
INSERT INTO HABITACION (id_habitacion, numero, tipo, precio_por_noche, estado, id_hotel) VALUES (100, '200', 'Individual', 30000, 'O', 1);
INSERT INTO HABITACION (id_habitacion, numero, tipo, precio_por_noche, estado, id_hotel) VALUES (101, '201', 'Doble', 50000, 'D', 2);
INSERT INTO HABITACION (id_habitacion, numero, tipo, precio_por_noche, estado, id_hotel) VALUES (102, '202', 'Suite', 80000, 'D', 2);
INSERT INTO HABITACION (id_habitacion, numero, tipo, precio_por_noche, estado, id_hotel) VALUES (103, '203', 'Individual', 30000, 'D', 2);
INSERT INTO HABITACION (id_habitacion, numero, tipo, precio_por_noche, estado, id_hotel) VALUES (104, '204', 'Doble', 50000, 'O', 2);
INSERT INTO HABITACION (id_habitacion, numero, tipo, precio_por_noche, estado, id_hotel) VALUES (105, '205', 'Suite', 80000, 'D', 2);
INSERT INTO HABITACION (id_habitacion, numero, tipo, precio_por_noche, estado, id_hotel) VALUES (106, '206', 'Individual', 30000, 'D', 2);
INSERT INTO HABITACION (id_habitacion, numero, tipo, precio_por_noche, estado, id_hotel) VALUES (107, '207', 'Doble', 50000, 'D', 2);
INSERT INTO HABITACION (id_habitacion, numero, tipo, precio_por_noche, estado, id_hotel) VALUES (108, '208', 'Suite', 80000, 'O', 2);
INSERT INTO HABITACION (id_habitacion, numero, tipo, precio_por_noche, estado, id_hotel) VALUES (109, '209', 'Individual', 30000, 'D', 2);
INSERT INTO HABITACION (id_habitacion, numero, tipo, precio_por_noche, estado, id_hotel) VALUES (110, '210', 'Doble', 50000, 'D', 2);
INSERT INTO HABITACION (id_habitacion, numero, tipo, precio_por_noche, estado, id_hotel) VALUES (111, '211', 'Suite', 80000, 'D', 2);
INSERT INTO HABITACION (id_habitacion, numero, tipo, precio_por_noche, estado, id_hotel) VALUES (112, '212', 'Individual', 30000, 'O', 2);
INSERT INTO HABITACION (id_habitacion, numero, tipo, precio_por_noche, estado, id_hotel) VALUES (113, '213', 'Doble', 50000, 'D', 2);
INSERT INTO HABITACION (id_habitacion, numero, tipo, precio_por_noche, estado, id_hotel) VALUES (114, '214', 'Suite', 80000, 'D', 2);
INSERT INTO HABITACION (id_habitacion, numero, tipo, precio_por_noche, estado, id_hotel) VALUES (115, '215', 'Individual', 30000, 'D', 2);
INSERT INTO HABITACION (id_habitacion, numero, tipo, precio_por_noche, estado, id_hotel) VALUES (116, '216', 'Doble', 50000, 'O', 2);
INSERT INTO HABITACION (id_habitacion, numero, tipo, precio_por_noche, estado, id_hotel) VALUES (117, '217', 'Suite', 80000, 'D', 2);
INSERT INTO HABITACION (id_habitacion, numero, tipo, precio_por_noche, estado, id_hotel) VALUES (118, '218', 'Individual', 30000, 'D', 2);
INSERT INTO HABITACION (id_habitacion, numero, tipo, precio_por_noche, estado, id_hotel) VALUES (119, '219', 'Doble', 50000, 'D', 2);
INSERT INTO HABITACION (id_habitacion, numero, tipo, precio_por_noche, estado, id_hotel) VALUES (120, '220', 'Suite', 80000, 'O', 2);
INSERT INTO HABITACION (id_habitacion, numero, tipo, precio_por_noche, estado, id_hotel) VALUES (121, '221', 'Individual', 30000, 'D', 2);
INSERT INTO HABITACION (id_habitacion, numero, tipo, precio_por_noche, estado, id_hotel) VALUES (122, '222', 'Doble', 50000, 'D', 2);
INSERT INTO HABITACION (id_habitacion, numero, tipo, precio_por_noche, estado, id_hotel) VALUES (123, '223', 'Suite', 80000, 'D', 2);
INSERT INTO HABITACION (id_habitacion, numero, tipo, precio_por_noche, estado, id_hotel) VALUES (124, '224', 'Individual', 30000, 'O', 2);
INSERT INTO HABITACION (id_habitacion, numero, tipo, precio_por_noche, estado, id_hotel) VALUES (125, '225', 'Doble', 50000, 'D', 2);
INSERT INTO HABITACION (id_habitacion, numero, tipo, precio_por_noche, estado, id_hotel) VALUES (126, '226', 'Suite', 80000, 'D', 2);
INSERT INTO HABITACION (id_habitacion, numero, tipo, precio_por_noche, estado, id_hotel) VALUES (127, '227', 'Individual', 30000, 'D', 2);
INSERT INTO HABITACION (id_habitacion, numero, tipo, precio_por_noche, estado, id_hotel) VALUES (128, '228', 'Doble', 50000, 'O', 2);
INSERT INTO HABITACION (id_habitacion, numero, tipo, precio_por_noche, estado, id_hotel) VALUES (129, '229', 'Suite', 80000, 'D', 2);
INSERT INTO HABITACION (id_habitacion, numero, tipo, precio_por_noche, estado, id_hotel) VALUES (130, '230', 'Individual', 30000, 'D', 2);
INSERT INTO HABITACION (id_habitacion, numero, tipo, precio_por_noche, estado, id_hotel) VALUES (131, '231', 'Doble', 50000, 'D', 2);
INSERT INTO HABITACION (id_habitacion, numero, tipo, precio_por_noche, estado, id_hotel) VALUES (132, '232', 'Suite', 80000, 'O', 2);
INSERT INTO HABITACION (id_habitacion, numero, tipo, precio_por_noche, estado, id_hotel) VALUES (133, '233', 'Individual', 30000, 'D', 2);
INSERT INTO HABITACION (id_habitacion, numero, tipo, precio_por_noche, estado, id_hotel) VALUES (134, '234', 'Doble', 50000, 'D', 2);
INSERT INTO HABITACION (id_habitacion, numero, tipo, precio_por_noche, estado, id_hotel) VALUES (135, '235', 'Suite', 80000, 'D', 2);
INSERT INTO HABITACION (id_habitacion, numero, tipo, precio_por_noche, estado, id_hotel) VALUES (136, '236', 'Individual', 30000, 'O', 2);
INSERT INTO HABITACION (id_habitacion, numero, tipo, precio_por_noche, estado, id_hotel) VALUES (137, '237', 'Doble', 50000, 'D', 2);
INSERT INTO HABITACION (id_habitacion, numero, tipo, precio_por_noche, estado, id_hotel) VALUES (138, '238', 'Suite', 80000, 'D', 2);
INSERT INTO HABITACION (id_habitacion, numero, tipo, precio_por_noche, estado, id_hotel) VALUES (139, '239', 'Individual', 30000, 'D', 2);
INSERT INTO HABITACION (id_habitacion, numero, tipo, precio_por_noche, estado, id_hotel) VALUES (140, '240', 'Doble', 50000, 'O', 2);
INSERT INTO HABITACION (id_habitacion, numero, tipo, precio_por_noche, estado, id_hotel) VALUES (141, '241', 'Suite', 80000, 'D', 2);
INSERT INTO HABITACION (id_habitacion, numero, tipo, precio_por_noche, estado, id_hotel) VALUES (142, '242', 'Individual', 30000, 'D', 2);
INSERT INTO HABITACION (id_habitacion, numero, tipo, precio_por_noche, estado, id_hotel) VALUES (143, '243', 'Doble', 50000, 'D', 2);
INSERT INTO HABITACION (id_habitacion, numero, tipo, precio_por_noche, estado, id_hotel) VALUES (144, '244', 'Suite', 80000, 'O', 2);
INSERT INTO HABITACION (id_habitacion, numero, tipo, precio_por_noche, estado, id_hotel) VALUES (145, '245', 'Individual', 30000, 'D', 2);
INSERT INTO HABITACION (id_habitacion, numero, tipo, precio_por_noche, estado, id_hotel) VALUES (146, '246', 'Doble', 50000, 'D', 2);
INSERT INTO HABITACION (id_habitacion, numero, tipo, precio_por_noche, estado, id_hotel) VALUES (147, '247', 'Suite', 80000, 'D', 2);
INSERT INTO HABITACION (id_habitacion, numero, tipo, precio_por_noche, estado, id_hotel) VALUES (148, '248', 'Individual', 30000, 'O', 2);
INSERT INTO HABITACION (id_habitacion, numero, tipo, precio_por_noche, estado, id_hotel) VALUES (149, '249', 'Doble', 50000, 'D', 2);
INSERT INTO HABITACION (id_habitacion, numero, tipo, precio_por_noche, estado, id_hotel) VALUES (150, '250', 'Suite', 80000, 'D', 2);
INSERT INTO HABITACION (id_habitacion, numero, tipo, precio_por_noche, estado, id_hotel) VALUES (151, '251', 'Individual', 30000, 'D', 2);
INSERT INTO HABITACION (id_habitacion, numero, tipo, precio_por_noche, estado, id_hotel) VALUES (152, '252', 'Doble', 50000, 'O', 2);
INSERT INTO HABITACION (id_habitacion, numero, tipo, precio_por_noche, estado, id_hotel) VALUES (153, '253', 'Suite', 80000, 'D', 2);
INSERT INTO HABITACION (id_habitacion, numero, tipo, precio_por_noche, estado, id_hotel) VALUES (154, '254', 'Individual', 30000, 'D', 2);
INSERT INTO HABITACION (id_habitacion, numero, tipo, precio_por_noche, estado, id_hotel) VALUES (155, '255', 'Doble', 50000, 'D', 2);
INSERT INTO HABITACION (id_habitacion, numero, tipo, precio_por_noche, estado, id_hotel) VALUES (156, '256', 'Suite', 80000, 'O', 2);
INSERT INTO HABITACION (id_habitacion, numero, tipo, precio_por_noche, estado, id_hotel) VALUES (157, '257', 'Individual', 30000, 'D', 2);
INSERT INTO HABITACION (id_habitacion, numero, tipo, precio_por_noche, estado, id_hotel) VALUES (158, '258', 'Doble', 50000, 'D', 2);
INSERT INTO HABITACION (id_habitacion, numero, tipo, precio_por_noche, estado, id_hotel) VALUES (159, '259', 'Suite', 80000, 'D', 2);
INSERT INTO HABITACION (id_habitacion, numero, tipo, precio_por_noche, estado, id_hotel) VALUES (160, '260', 'Individual', 30000, 'O', 2);
INSERT INTO HABITACION (id_habitacion, numero, tipo, precio_por_noche, estado, id_hotel) VALUES (161, '261', 'Doble', 50000, 'D', 2);
INSERT INTO HABITACION (id_habitacion, numero, tipo, precio_por_noche, estado, id_hotel) VALUES (162, '262', 'Suite', 80000, 'D', 2);
INSERT INTO HABITACION (id_habitacion, numero, tipo, precio_por_noche, estado, id_hotel) VALUES (163, '263', 'Individual', 30000, 'D', 2);
INSERT INTO HABITACION (id_habitacion, numero, tipo, precio_por_noche, estado, id_hotel) VALUES (164, '264', 'Doble', 50000, 'O', 2);
INSERT INTO HABITACION (id_habitacion, numero, tipo, precio_por_noche, estado, id_hotel) VALUES (165, '265', 'Suite', 80000, 'D', 2);
INSERT INTO HABITACION (id_habitacion, numero, tipo, precio_por_noche, estado, id_hotel) VALUES (166, '266', 'Individual', 30000, 'D', 2);
INSERT INTO HABITACION (id_habitacion, numero, tipo, precio_por_noche, estado, id_hotel) VALUES (167, '267', 'Doble', 50000, 'D', 2);
INSERT INTO HABITACION (id_habitacion, numero, tipo, precio_por_noche, estado, id_hotel) VALUES (168, '268', 'Suite', 80000, 'O', 2);
INSERT INTO HABITACION (id_habitacion, numero, tipo, precio_por_noche, estado, id_hotel) VALUES (169, '269', 'Individual', 30000, 'D', 2);
INSERT INTO HABITACION (id_habitacion, numero, tipo, precio_por_noche, estado, id_hotel) VALUES (170, '270', 'Doble', 50000, 'D', 2);
INSERT INTO HABITACION (id_habitacion, numero, tipo, precio_por_noche, estado, id_hotel) VALUES (171, '271', 'Suite', 80000, 'D', 2);
INSERT INTO HABITACION (id_habitacion, numero, tipo, precio_por_noche, estado, id_hotel) VALUES (172, '272', 'Individual', 30000, 'O', 2);
INSERT INTO HABITACION (id_habitacion, numero, tipo, precio_por_noche, estado, id_hotel) VALUES (173, '273', 'Doble', 50000, 'D', 2);
INSERT INTO HABITACION (id_habitacion, numero, tipo, precio_por_noche, estado, id_hotel) VALUES (174, '274', 'Suite', 80000, 'D', 2);
INSERT INTO HABITACION (id_habitacion, numero, tipo, precio_por_noche, estado, id_hotel) VALUES (175, '275', 'Individual', 30000, 'D', 2);
INSERT INTO HABITACION (id_habitacion, numero, tipo, precio_por_noche, estado, id_hotel) VALUES (176, '276', 'Doble', 50000, 'O', 2);
INSERT INTO HABITACION (id_habitacion, numero, tipo, precio_por_noche, estado, id_hotel) VALUES (177, '277', 'Suite', 80000, 'D', 2);
INSERT INTO HABITACION (id_habitacion, numero, tipo, precio_por_noche, estado, id_hotel) VALUES (178, '278', 'Individual', 30000, 'D', 2);
INSERT INTO HABITACION (id_habitacion, numero, tipo, precio_por_noche, estado, id_hotel) VALUES (179, '279', 'Doble', 50000, 'D', 2);
INSERT INTO HABITACION (id_habitacion, numero, tipo, precio_por_noche, estado, id_hotel) VALUES (180, '280', 'Suite', 80000, 'O', 2);
INSERT INTO HABITACION (id_habitacion, numero, tipo, precio_por_noche, estado, id_hotel) VALUES (181, '281', 'Individual', 30000, 'D', 2);
INSERT INTO HABITACION (id_habitacion, numero, tipo, precio_por_noche, estado, id_hotel) VALUES (182, '282', 'Doble', 50000, 'D', 2);
INSERT INTO HABITACION (id_habitacion, numero, tipo, precio_por_noche, estado, id_hotel) VALUES (183, '283', 'Suite', 80000, 'D', 2);
INSERT INTO HABITACION (id_habitacion, numero, tipo, precio_por_noche, estado, id_hotel) VALUES (184, '284', 'Individual', 30000, 'O', 2);
INSERT INTO HABITACION (id_habitacion, numero, tipo, precio_por_noche, estado, id_hotel) VALUES (185, '285', 'Doble', 50000, 'D', 2);
INSERT INTO HABITACION (id_habitacion, numero, tipo, precio_por_noche, estado, id_hotel) VALUES (186, '286', 'Suite', 80000, 'D', 2);
INSERT INTO HABITACION (id_habitacion, numero, tipo, precio_por_noche, estado, id_hotel) VALUES (187, '287', 'Individual', 30000, 'D', 2);
INSERT INTO HABITACION (id_habitacion, numero, tipo, precio_por_noche, estado, id_hotel) VALUES (188, '288', 'Doble', 50000, 'O', 2);
INSERT INTO HABITACION (id_habitacion, numero, tipo, precio_por_noche, estado, id_hotel) VALUES (189, '289', 'Suite', 80000, 'D', 2);
INSERT INTO HABITACION (id_habitacion, numero, tipo, precio_por_noche, estado, id_hotel) VALUES (190, '290', 'Individual', 30000, 'D', 2);
INSERT INTO HABITACION (id_habitacion, numero, tipo, precio_por_noche, estado, id_hotel) VALUES (191, '291', 'Doble', 50000, 'D', 2);
INSERT INTO HABITACION (id_habitacion, numero, tipo, precio_por_noche, estado, id_hotel) VALUES (192, '292', 'Suite', 80000, 'O', 2);
INSERT INTO HABITACION (id_habitacion, numero, tipo, precio_por_noche, estado, id_hotel) VALUES (193, '293', 'Individual', 30000, 'D', 2);
INSERT INTO HABITACION (id_habitacion, numero, tipo, precio_por_noche, estado, id_hotel) VALUES (194, '294', 'Doble', 50000, 'D', 2);
INSERT INTO HABITACION (id_habitacion, numero, tipo, precio_por_noche, estado, id_hotel) VALUES (195, '295', 'Suite', 80000, 'D', 2);
INSERT INTO HABITACION (id_habitacion, numero, tipo, precio_por_noche, estado, id_hotel) VALUES (196, '296', 'Individual', 30000, 'O', 2);
INSERT INTO HABITACION (id_habitacion, numero, tipo, precio_por_noche, estado, id_hotel) VALUES (197, '297', 'Doble', 50000, 'D', 2);
INSERT INTO HABITACION (id_habitacion, numero, tipo, precio_por_noche, estado, id_hotel) VALUES (198, '298', 'Suite', 80000, 'D', 2);
INSERT INTO HABITACION (id_habitacion, numero, tipo, precio_por_noche, estado, id_hotel) VALUES (199, '299', 'Individual', 30000, 'D', 2);
INSERT INTO HABITACION (id_habitacion, numero, tipo, precio_por_noche, estado, id_hotel) VALUES (200, '300', 'Doble', 50000, 'O', 2);

-- Insertar Empleados
INSERT INTO EMPLEADO (id_empleado, nombre, apellido, cargo, telefono, email, id_hotel) VALUES (1, 'Martín', 'Gómez', 'Recepcionista', 900000001, 'martin.gomez@hotel.com', 1);
INSERT INTO EMPLEADO (id_empleado, nombre, apellido, cargo, telefono, email, id_hotel) VALUES (2, 'Camila', 'Fernández', 'Limpieza', 900000002, 'camila.fernandez@hotel.com', 1);
INSERT INTO EMPLEADO (id_empleado, nombre, apellido, cargo, telefono, email, id_hotel) VALUES (3, 'Javier', 'Pérez', 'Administrador', 900000003, 'javier.perez@hotel.com', 1);
INSERT INTO EMPLEADO (id_empleado, nombre, apellido, cargo, telefono, email, id_hotel) VALUES (4, 'Valentina', 'Morales', 'Recepcionista', 900000004, 'valentina.morales@hotel.com', 1);
INSERT INTO EMPLEADO (id_empleado, nombre, apellido, cargo, telefono, email, id_hotel) VALUES (5, 'Diego', 'Rojas', 'Limpieza', 900000005, 'diego.rojas@hotel.com', 1);
INSERT INTO EMPLEADO (id_empleado, nombre, apellido, cargo, telefono, email, id_hotel) VALUES (6, 'Andrea', 'Castro', 'Administrador', 900000006, 'andrea.castro@hotel.com', 1);
INSERT INTO EMPLEADO (id_empleado, nombre, apellido, cargo, telefono, email, id_hotel) VALUES (7, 'Tomás', 'Navarro', 'Recepcionista', 900000007, 'tomas.navarro@hotel.com', 1);
INSERT INTO EMPLEADO (id_empleado, nombre, apellido, cargo, telefono, email, id_hotel) VALUES (8, 'Paula', 'Silva', 'Limpieza', 900000008, 'paula.silva@hotel.com', 1);
INSERT INTO EMPLEADO (id_empleado, nombre, apellido, cargo, telefono, email, id_hotel) VALUES (9, 'Rodrigo', 'Mendoza', 'Administrador', 900000009, 'rodrigo.mendoza@hotel.com', 1);
INSERT INTO EMPLEADO (id_empleado, nombre, apellido, cargo, telefono, email, id_hotel) VALUES (10, 'Francisca', 'Herrera', 'Recepcionista', 900000010, 'francisca.herrera@hotel.com', 1);
INSERT INTO EMPLEADO (id_empleado, nombre, apellido, cargo, telefono, email, id_hotel) VALUES (11, 'Matías', 'Torres', 'Limpieza', 900000011, 'matias.torres@hotel.com', 1);
INSERT INTO EMPLEADO (id_empleado, nombre, apellido, cargo, telefono, email, id_hotel) VALUES (12, 'Isidora', 'Ramírez', 'Administrador', 900000012, 'isidora.ramirez@hotel.com', 1);
INSERT INTO EMPLEADO (id_empleado, nombre, apellido, cargo, telefono, email, id_hotel) VALUES (13, 'Felipe', 'Ortega', 'Recepcionista', 900000013, 'felipe.ortega@hotel.com', 1);
INSERT INTO EMPLEADO (id_empleado, nombre, apellido, cargo, telefono, email, id_hotel) VALUES (14, 'Catalina', 'Fuentes', 'Limpieza', 900000014, 'catalina.fuentes@hotel.com', 1);
INSERT INTO EMPLEADO (id_empleado, nombre, apellido, cargo, telefono, email, id_hotel) VALUES (15, 'Sebastián', 'Vargas', 'Administrador', 900000015, 'sebastian.vargas@hotel.com', 1);
INSERT INTO EMPLEADO (id_empleado, nombre, apellido, cargo, telefono, email, id_hotel) VALUES (16, 'Antonia', 'Cortés', 'Recepcionista', 900000016, 'antonia.cortes@hotel.com', 1);
INSERT INTO EMPLEADO (id_empleado, nombre, apellido, cargo, telefono, email, id_hotel) VALUES (17, 'Nicolás', 'Reyes', 'Limpieza', 900000017, 'nicolas.reyes@hotel.com', 1);
INSERT INTO EMPLEADO (id_empleado, nombre, apellido, cargo, telefono, email, id_hotel) VALUES (18, 'Fernanda', 'Muñoz', 'Administrador', 900000018, 'fernanda.munoz@hotel.com', 1);
INSERT INTO EMPLEADO (id_empleado, nombre, apellido, cargo, telefono, email, id_hotel) VALUES (19, 'Cristóbal', 'Soto', 'Recepcionista', 900000019, 'cristobal.soto@hotel.com', 1);
INSERT INTO EMPLEADO (id_empleado, nombre, apellido, cargo, telefono, email, id_hotel) VALUES (20, 'Josefina', 'López', 'Limpieza', 900000020, 'josefina.lopez@hotel.com', 1);


-- insertar clientes
INSERT INTO CLIENTE (id_cliente, nombre, apellido, run, telefono, email, direccion) VALUES (1, 'Ignacio', 'Pérez', '12345678-5', '91234001', 'ignacio.perez@mail.com', 'Av. Las Flores 123');
INSERT INTO CLIENTE (id_cliente, nombre, apellido, run, telefono, email, direccion) VALUES (2, 'Camila', 'Gómez', '87654321-9', '91234002', 'camila.gomez@mail.com', 'Calle Los Olivos 456');
INSERT INTO CLIENTE (id_cliente, nombre, apellido, run, telefono, email, direccion) VALUES (3, 'Felipe', 'Fernández', '11222333-4', '91234003', 'felipe.fernandez@mail.com', 'Pasaje Los Robles 789');
INSERT INTO CLIENTE (id_cliente, nombre, apellido, run, telefono, email, direccion) VALUES (4, 'Valentina', 'Morales', '99887766-2', '91234004', 'valentina.morales@mail.com', 'Av. Central 101');
INSERT INTO CLIENTE (id_cliente, nombre, apellido, run, telefono, email, direccion) VALUES (5, 'Rodrigo', 'Silva', '44556677-8', '91234005', 'rodrigo.silva@mail.com', 'Calle Norte 202');
INSERT INTO CLIENTE (id_cliente, nombre, apellido, run, telefono, email, direccion) VALUES (6, 'Francisca', 'Ortega', '33445566-7', '91234006', 'francisca.ortega@mail.com', 'Villa Las Palmas 303');
INSERT INTO CLIENTE (id_cliente, nombre, apellido, run, telefono, email, direccion) VALUES (7, 'Tomás', 'Rojas', '22334455-6', '91234007', 'tomas.rojas@mail.com', 'Calle Sur 404');
INSERT INTO CLIENTE (id_cliente, nombre, apellido, run, telefono, email, direccion) VALUES (8, 'Isidora', 'Torres', '55667788-9', '91234008', 'isidora.torres@mail.com', 'Av. Los Pinos 505');
INSERT INTO CLIENTE (id_cliente, nombre, apellido, run, telefono, email, direccion) VALUES (9, 'Matías', 'Navarro', '66778899-1', '91234009', 'matias.navarro@mail.com', 'Condominio El Bosque 606');
INSERT INTO CLIENTE (id_cliente, nombre, apellido, run, telefono, email, direccion) VALUES (10, 'Antonia', 'Vargas', '77889900-3', '91234010', 'antonia.vargas@mail.com', 'Calle Oriente 707');
INSERT INTO CLIENTE (id_cliente, nombre, apellido, run, telefono, email, direccion) VALUES (11, 'Sebastián', 'Muñoz', '88990011-5', '91234011', 'sebastian.munoz@mail.com', 'Av. Las Américas 808');
INSERT INTO CLIENTE (id_cliente, nombre, apellido, run, telefono, email, direccion) VALUES (12, 'Catalina', 'Reyes', '99001122-7', '91234012', 'catalina.reyes@mail.com', 'Calle Los Álamos 909');
INSERT INTO CLIENTE (id_cliente, nombre, apellido, run, telefono, email, direccion) VALUES (13, 'Cristóbal', 'Cortés', '11112222-3', '91234013', 'cristobal.cortes@mail.com', 'Av. Principal 111');
INSERT INTO CLIENTE (id_cliente, nombre, apellido, run, telefono, email, direccion) VALUES (14, 'Josefina', 'Fuentes', '22223333-9', '91234014', 'josefina.fuentes@mail.com', 'Calle Esperanza 222');
INSERT INTO CLIENTE (id_cliente, nombre, apellido, run, telefono, email, direccion) VALUES (15, 'Benjamín', 'Araya', '33334444-1', '91234015', 'benjamin.araya@mail.com', 'Pasaje Los Cedros 333');
INSERT INTO CLIENTE (id_cliente, nombre, apellido, run, telefono, email, direccion) VALUES (16, 'Fernanda', 'Molina', '44445555-2', '91234016', 'fernanda.molina@mail.com', 'Villa Los Naranjos 444');
INSERT INTO CLIENTE (id_cliente, nombre, apellido, run, telefono, email, direccion) VALUES (17, 'Nicolás', 'Soto', '55556666-8', '91234017', 'nicolas.soto@mail.com', 'Av. La Marina 555');
INSERT INTO CLIENTE (id_cliente, nombre, apellido, run, telefono, email, direccion) VALUES (18, 'Constanza', 'Salazar', '66667777-0', '91234018', 'constanza.salazar@mail.com', 'Calle Primavera 666');
INSERT INTO CLIENTE (id_cliente, nombre, apellido, run, telefono, email, direccion) VALUES (19, 'Diego', 'Campos', '77778888-6', '91234019', 'diego.campos@mail.com', 'Av. Libertad 777');
INSERT INTO CLIENTE (id_cliente, nombre, apellido, run, telefono, email, direccion) VALUES (20, 'Paula', 'Herrera', '88889999-4', '91234020', 'paula.herrera@mail.com', 'Calle Aurora 888');


-- Insertar Reservas
INSERT INTO RESERVA (id_reserva, fecha_inicio, fecha_fin, estado, id_cliente, id_habitacion, id_empleado) VALUES (1, TO_DATE('2025-09-02','YYYY-MM-DD'), TO_DATE('2025-09-03','YYYY-MM-DD'), 'C', 2, 2, 2);
INSERT INTO RESERVA (id_reserva, fecha_inicio, fecha_fin, estado, id_cliente, id_habitacion, id_empleado) VALUES (2, TO_DATE('2025-09-03','YYYY-MM-DD'), TO_DATE('2025-09-04','YYYY-MM-DD'), 'A', 3, 3, 3);
INSERT INTO RESERVA (id_reserva, fecha_inicio, fecha_fin, estado, id_cliente, id_habitacion, id_empleado) VALUES (3, TO_DATE('2025-09-04','YYYY-MM-DD'), TO_DATE('2025-09-05','YYYY-MM-DD'), 'C', 4, 4, 4);
INSERT INTO RESERVA (id_reserva, fecha_inicio, fecha_fin, estado, id_cliente, id_habitacion, id_empleado) VALUES (4, TO_DATE('2025-09-05','YYYY-MM-DD'), TO_DATE('2025-09-06','YYYY-MM-DD'), 'A', 5, 5, 5);
INSERT INTO RESERVA (id_reserva, fecha_inicio, fecha_fin, estado, id_cliente, id_habitacion, id_empleado) VALUES (5, TO_DATE('2025-09-06','YYYY-MM-DD'), TO_DATE('2025-09-07','YYYY-MM-DD'), 'C', 6, 6, 6);
INSERT INTO RESERVA (id_reserva, fecha_inicio, fecha_fin, estado, id_cliente, id_habitacion, id_empleado) VALUES (6, TO_DATE('2025-09-07','YYYY-MM-DD'), TO_DATE('2025-09-08','YYYY-MM-DD'), 'A', 7, 7, 7);
INSERT INTO RESERVA (id_reserva, fecha_inicio, fecha_fin, estado, id_cliente, id_habitacion, id_empleado) VALUES (7, TO_DATE('2025-09-08','YYYY-MM-DD'), TO_DATE('2025-09-09','YYYY-MM-DD'), 'C', 8, 8, 8);
INSERT INTO RESERVA (id_reserva, fecha_inicio, fecha_fin, estado, id_cliente, id_habitacion, id_empleado) VALUES (8, TO_DATE('2025-09-09','YYYY-MM-DD'), TO_DATE('2025-09-10','YYYY-MM-DD'), 'A', 9, 9, 9);
INSERT INTO RESERVA (id_reserva, fecha_inicio, fecha_fin, estado, id_cliente, id_habitacion, id_empleado) VALUES (9, TO_DATE('2025-09-10','YYYY-MM-DD'), TO_DATE('2025-09-11','YYYY-MM-DD'), 'C', 10, 10, 10);
INSERT INTO RESERVA (id_reserva, fecha_inicio, fecha_fin, estado, id_cliente, id_habitacion, id_empleado) VALUES (10, TO_DATE('2025-09-11','YYYY-MM-DD'), TO_DATE('2025-09-12','YYYY-MM-DD'), 'A', 11, 11, 11);
INSERT INTO RESERVA (id_reserva, fecha_inicio, fecha_fin, estado, id_cliente, id_habitacion, id_empleado) VALUES (11, TO_DATE('2025-09-12','YYYY-MM-DD'), TO_DATE('2025-09-13','YYYY-MM-DD'), 'C', 12, 12, 12);
INSERT INTO RESERVA (id_reserva, fecha_inicio, fecha_fin, estado, id_cliente, id_habitacion, id_empleado) VALUES (12, TO_DATE('2025-09-13','YYYY-MM-DD'), TO_DATE('2025-09-14','YYYY-MM-DD'), 'A', 13, 13, 13);
INSERT INTO RESERVA (id_reserva, fecha_inicio, fecha_fin, estado, id_cliente, id_habitacion, id_empleado) VALUES (13, TO_DATE('2025-09-14','YYYY-MM-DD'), TO_DATE('2025-09-15','YYYY-MM-DD'), 'C', 14, 14, 14);
INSERT INTO RESERVA (id_reserva, fecha_inicio, fecha_fin, estado, id_cliente, id_habitacion, id_empleado) VALUES (14, TO_DATE('2025-09-15','YYYY-MM-DD'), TO_DATE('2025-09-16','YYYY-MM-DD'), 'A', 15, 15, 15);
INSERT INTO RESERVA (id_reserva, fecha_inicio, fecha_fin, estado, id_cliente, id_habitacion, id_empleado) VALUES (15, TO_DATE('2025-09-16','YYYY-MM-DD'), TO_DATE('2025-09-17','YYYY-MM-DD'), 'C', 16, 16, 16);
INSERT INTO RESERVA (id_reserva, fecha_inicio, fecha_fin, estado, id_cliente, id_habitacion, id_empleado) VALUES (16, TO_DATE('2025-09-17','YYYY-MM-DD'), TO_DATE('2025-09-18','YYYY-MM-DD'), 'A', 17, 17, 17);
INSERT INTO RESERVA (id_reserva, fecha_inicio, fecha_fin, estado, id_cliente, id_habitacion, id_empleado) VALUES (17, TO_DATE('2025-09-18','YYYY-MM-DD'), TO_DATE('2025-09-19','YYYY-MM-DD'), 'C', 18, 18, 18);
INSERT INTO RESERVA (id_reserva, fecha_inicio, fecha_fin, estado, id_cliente, id_habitacion, id_empleado) VALUES (18, TO_DATE('2025-09-19','YYYY-MM-DD'), TO_DATE('2025-09-20','YYYY-MM-DD'), 'A', 19, 19, 19);
INSERT INTO RESERVA (id_reserva, fecha_inicio, fecha_fin, estado, id_cliente, id_habitacion, id_empleado) VALUES (19, TO_DATE('2025-09-20','YYYY-MM-DD'), TO_DATE('2025-09-21','YYYY-MM-DD'), 'C', 20, 20, 20);
INSERT INTO RESERVA (id_reserva, fecha_inicio, fecha_fin, estado, id_cliente, id_habitacion, id_empleado) VALUES (20, TO_DATE('2025-09-21','YYYY-MM-DD'), TO_DATE('2025-09-22','YYYY-MM-DD'), 'A', 21, 21, 21);

-- Insertar Consumo de Servicios
INSERT INTO CONSUMO_SERVICIO (id_consumo, cantidad, total, id_reserva, id_servicio) VALUES (1, 2, 20000, 2, 2);
INSERT INTO CONSUMO_SERVICIO (id_consumo, cantidad, total, id_reserva, id_servicio) VALUES (2, 3, 30000, 3, 3);
INSERT INTO CONSUMO_SERVICIO (id_consumo, cantidad, total, id_reserva, id_servicio) VALUES (3, 4, 40000, 4, 4);
INSERT INTO CONSUMO_SERVICIO (id_consumo, cantidad, total, id_reserva, id_servicio) VALUES (4, 5, 50000, 5, 5);
INSERT INTO CONSUMO_SERVICIO (id_consumo, cantidad, total, id_reserva, id_servicio) VALUES (5, 1, 10000, 6, 6);
INSERT INTO CONSUMO_SERVICIO (id_consumo, cantidad, total, id_reserva, id_servicio) VALUES (6, 2, 20000, 7, 7);
INSERT INTO CONSUMO_SERVICIO (id_consumo, cantidad, total, id_reserva, id_servicio) VALUES (7, 3, 30000, 8, 8);
INSERT INTO CONSUMO_SERVICIO (id_consumo, cantidad, total, id_reserva, id_servicio) VALUES (8, 4, 40000, 9, 9);
INSERT INTO CONSUMO_SERVICIO (id_consumo, cantidad, total, id_reserva, id_servicio) VALUES (9, 5, 50000, 10, 10);
INSERT INTO CONSUMO_SERVICIO (id_consumo, cantidad, total, id_reserva, id_servicio) VALUES (10, 1, 10000, 11, 11);
INSERT INTO CONSUMO_SERVICIO (id_consumo, cantidad, total, id_reserva, id_servicio) VALUES (11, 2, 20000, 12, 12);
INSERT INTO CONSUMO_SERVICIO (id_consumo, cantidad, total, id_reserva, id_servicio) VALUES (12, 3, 30000, 13, 13);
INSERT INTO CONSUMO_SERVICIO (id_consumo, cantidad, total, id_reserva, id_servicio) VALUES (13, 4, 40000, 14, 14);
INSERT INTO CONSUMO_SERVICIO (id_consumo, cantidad, total, id_reserva, id_servicio) VALUES (14, 5, 50000, 15, 15);
INSERT INTO CONSUMO_SERVICIO (id_consumo, cantidad, total, id_reserva, id_servicio) VALUES (15, 1, 10000, 16, 16);
INSERT INTO CONSUMO_SERVICIO (id_consumo, cantidad, total, id_reserva, id_servicio) VALUES (16, 2, 20000, 17, 17);
INSERT INTO CONSUMO_SERVICIO (id_consumo, cantidad, total, id_reserva, id_servicio) VALUES (17, 3, 30000, 18, 18);
INSERT INTO CONSUMO_SERVICIO (id_consumo, cantidad, total, id_reserva, id_servicio) VALUES (18, 4, 40000, 19, 19);
INSERT INTO CONSUMO_SERVICIO (id_consumo, cantidad, total, id_reserva, id_servicio) VALUES (19, 5, 50000, 20, 20);

-- Insertar Métodos de Pago
INSERT INTO METODO_PAGO VALUES (1, 'Efectivo', 'Pago en efectivo en recepción');
INSERT INTO METODO_PAGO VALUES (2, 'Tarjeta Débito', 'Pago con tarjeta de débito');
INSERT INTO METODO_PAGO VALUES (3, 'Tarjeta Crédito', 'Pago con tarjeta de crédito');
INSERT INTO METODO_PAGO VALUES (4, 'Transferencia', 'Pago por transferencia bancaria');
INSERT INTO METODO_PAGO VALUES (5, 'Pago Online', 'Pago mediante plataforma online');

-- Insertar Pagos
INSERT INTO PAGO (id_pago, id_reserva, monto, fecha_de_pago, id_metodo_pago) VALUES (1, 2, 51000, TO_DATE('2025-09-02','YYYY-MM-DD'), 2);
INSERT INTO PAGO (id_pago, id_reserva, monto, fecha_de_pago, id_metodo_pago) VALUES (2, 3, 52000, TO_DATE('2025-09-03','YYYY-MM-DD'), 3);
INSERT INTO PAGO (id_pago, id_reserva, monto, fecha_de_pago, id_metodo_pago) VALUES (3, 4, 53000, TO_DATE('2025-09-04','YYYY-MM-DD'), 4);
INSERT INTO PAGO (id_pago, id_reserva, monto, fecha_de_pago, id_metodo_pago) VALUES (4, 5, 54000, TO_DATE('2025-09-05','YYYY-MM-DD'), 5);
INSERT INTO PAGO (id_pago, id_reserva, monto, fecha_de_pago, id_metodo_pago) VALUES (5, 6, 55000, TO_DATE('2025-09-06','YYYY-MM-DD'), 1);
INSERT INTO PAGO (id_pago, id_reserva, monto, fecha_de_pago, id_metodo_pago) VALUES (6, 7, 56000, TO_DATE('2025-09-07','YYYY-MM-DD'), 2);
INSERT INTO PAGO (id_pago, id_reserva, monto, fecha_de_pago, id_metodo_pago) VALUES (7, 8, 57000, TO_DATE('2025-09-08','YYYY-MM-DD'), 3);
INSERT INTO PAGO (id_pago, id_reserva, monto, fecha_de_pago, id_metodo_pago) VALUES (8, 9, 58000, TO_DATE('2025-09-09','YYYY-MM-DD'), 4);
INSERT INTO PAGO (id_pago, id_reserva, monto, fecha_de_pago, id_metodo_pago) VALUES (9, 10, 59000, TO_DATE('2025-09-10','YYYY-MM-DD'), 5);
INSERT INTO PAGO (id_pago, id_reserva, monto, fecha_de_pago, id_metodo_pago) VALUES (10, 11, 60000, TO_DATE('2025-09-11','YYYY-MM-DD'), 1);
INSERT INTO PAGO (id_pago, id_reserva, monto, fecha_de_pago, id_metodo_pago) VALUES (11, 12, 61000, TO_DATE('2025-09-12','YYYY-MM-DD'), 2);
INSERT INTO PAGO (id_pago, id_reserva, monto, fecha_de_pago, id_metodo_pago) VALUES (12, 13, 62000, TO_DATE('2025-09-13','YYYY-MM-DD'), 3);
INSERT INTO PAGO (id_pago, id_reserva, monto, fecha_de_pago, id_metodo_pago) VALUES (13, 14, 63000, TO_DATE('2025-09-14','YYYY-MM-DD'), 4);
INSERT INTO PAGO (id_pago, id_reserva, monto, fecha_de_pago, id_metodo_pago) VALUES (14, 15, 64000, TO_DATE('2025-09-15','YYYY-MM-DD'), 5);
INSERT INTO PAGO (id_pago, id_reserva, monto, fecha_de_pago, id_metodo_pago) VALUES (15, 16, 65000, TO_DATE('2025-09-16','YYYY-MM-DD'), 1);
INSERT INTO PAGO (id_pago, id_reserva, monto, fecha_de_pago, id_metodo_pago) VALUES (16, 17, 66000, TO_DATE('2025-09-17','YYYY-MM-DD'), 2);
INSERT INTO PAGO (id_pago, id_reserva, monto, fecha_de_pago, id_metodo_pago) VALUES (17, 18, 67000, TO_DATE('2025-09-18','YYYY-MM-DD'), 3);
INSERT INTO PAGO (id_pago, id_reserva, monto, fecha_de_pago, id_metodo_pago) VALUES (18, 19, 68000, TO_DATE('2025-09-19','YYYY-MM-DD'), 4);
INSERT INTO PAGO (id_pago, id_reserva, monto, fecha_de_pago, id_metodo_pago) VALUES (19, 20, 69000, TO_DATE('2025-09-20','YYYY-MM-DD'), 5);
INSERT INTO PAGO (id_pago, id_reserva, monto, fecha_de_pago, id_metodo_pago) VALUES (20, 21, 70000, TO_DATE('2025-09-21','YYYY-MM-DD'), 1);
INSERT INTO PAGO (id_pago, id_reserva, monto, fecha_de_pago, id_metodo_pago) VALUES (21, 22, 71000, TO_DATE('2025-09-22','YYYY-MM-DD'), 2);
INSERT INTO PAGO (id_pago, id_reserva, monto, fecha_de_pago, id_metodo_pago) VALUES (22, 23, 72000, TO_DATE('2025-09-23','YYYY-MM-DD'), 3);
INSERT INTO PAGO (id_pago, id_reserva, monto, fecha_de_pago, id_metodo_pago) VALUES (23, 24, 73000, TO_DATE('2025-09-24','YYYY-MM-DD'), 4);
INSERT INTO PAGO (id_pago, id_reserva, monto, fecha_de_pago, id_metodo_pago) VALUES (24, 25, 74000, TO_DATE('2025-09-25','YYYY-MM-DD'), 5);
INSERT INTO PAGO (id_pago, id_reserva, monto, fecha_de_pago, id_metodo_pago) VALUES (25, 26, 75000, TO_DATE('2025-09-26','YYYY-MM-DD'), 1);
INSERT INTO PAGO (id_pago, id_reserva, monto, fecha_de_pago, id_metodo_pago) VALUES (26, 27, 76000, TO_DATE('2025-09-27','YYYY-MM-DD'), 2);
INSERT INTO PAGO (id_pago, id_reserva, monto, fecha_de_pago, id_metodo_pago) VALUES (27, 28, 77000, TO_DATE('2025-09-28','YYYY-MM-DD'), 3);
INSERT INTO PAGO (id_pago, id_reserva, monto, fecha_de_pago, id_metodo_pago) VALUES (28, 29, 78000, TO_DATE('2025-09-01','YYYY-MM-DD'), 4);
INSERT INTO PAGO (id_pago, id_reserva, monto, fecha_de_pago, id_metodo_pago) VALUES (29, 30, 79000, TO_DATE('2025-09-02','YYYY-MM-DD'), 5);
INSERT INTO PAGO (id_pago, id_reserva, monto, fecha_de_pago, id_metodo_pago) VALUES (30, 31, 80000, TO_DATE('2025-09-03','YYYY-MM-DD'), 1);
INSERT INTO PAGO (id_pago, id_reserva, monto, fecha_de_pago, id_metodo_pago) VALUES (31, 32, 81000, TO_DATE('2025-09-04','YYYY-MM-DD'), 2);
INSERT INTO PAGO (id_pago, id_reserva, monto, fecha_de_pago, id_metodo_pago) VALUES (32, 33, 82000, TO_DATE('2025-09-05','YYYY-MM-DD'), 3);
INSERT INTO PAGO (id_pago, id_reserva, monto, fecha_de_pago, id_metodo_pago) VALUES (33, 34, 83000, TO_DATE('2025-09-06','YYYY-MM-DD'), 4);
INSERT INTO PAGO (id_pago, id_reserva, monto, fecha_de_pago, id_metodo_pago) VALUES (34, 35, 84000, TO_DATE('2025-09-07','YYYY-MM-DD'), 5);
INSERT INTO PAGO (id_pago, id_reserva, monto, fecha_de_pago, id_metodo_pago) VALUES (35, 36, 85000, TO_DATE('2025-09-08','YYYY-MM-DD'), 1);
INSERT INTO PAGO (id_pago, id_reserva, monto, fecha_de_pago, id_metodo_pago) VALUES (36, 37, 86000, TO_DATE('2025-09-09','YYYY-MM-DD'), 2);
INSERT INTO PAGO (id_pago, id_reserva, monto, fecha_de_pago, id_metodo_pago) VALUES (37, 38, 87000, TO_DATE('2025-09-10','YYYY-MM-DD'), 3);
INSERT INTO PAGO (id_pago, id_reserva, monto, fecha_de_pago, id_metodo_pago) VALUES (38, 39, 88000, TO_DATE('2025-09-11','YYYY-MM-DD'), 4);
INSERT INTO PAGO (id_pago, id_reserva, monto, fecha_de_pago, id_metodo_pago) VALUES (39, 40, 89000, TO_DATE('2025-09-12','YYYY-MM-DD'), 5);
INSERT INTO PAGO (id_pago, id_reserva, monto, fecha_de_pago, id_metodo_pago) VALUES (40, 41, 90000, TO_DATE('2025-09-13','YYYY-MM-DD'), 1);
INSERT INTO PAGO (id_pago, id_reserva, monto, fecha_de_pago, id_metodo_pago) VALUES (41, 42, 91000, TO_DATE('2025-09-14','YYYY-MM-DD'), 2);
INSERT INTO PAGO (id_pago, id_reserva, monto, fecha_de_pago, id_metodo_pago) VALUES (42, 43, 92000, TO_DATE('2025-09-15','YYYY-MM-DD'), 3);
INSERT INTO PAGO (id_pago, id_reserva, monto, fecha_de_pago, id_metodo_pago) VALUES (43, 44, 93000, TO_DATE('2025-09-16','YYYY-MM-DD'), 4);
INSERT INTO PAGO (id_pago, id_reserva, monto, fecha_de_pago, id_metodo_pago) VALUES (44, 45, 94000, TO_DATE('2025-09-17','YYYY-MM-DD'), 5);
INSERT INTO PAGO (id_pago, id_reserva, monto, fecha_de_pago, id_metodo_pago) VALUES (45, 46, 95000, TO_DATE('2025-09-18','YYYY-MM-DD'), 1);
INSERT INTO PAGO (id_pago, id_reserva, monto, fecha_de_pago, id_metodo_pago) VALUES (46, 47, 96000, TO_DATE('2025-09-19','YYYY-MM-DD'), 2);
INSERT INTO PAGO (id_pago, id_reserva, monto, fecha_de_pago, id_metodo_pago) VALUES (47, 48, 97000, TO_DATE('2025-09-20','YYYY-MM-DD'), 3);
INSERT INTO PAGO (id_pago, id_reserva, monto, fecha_de_pago, id_metodo_pago) VALUES (48, 49, 98000, TO_DATE('2025-09-21','YYYY-MM-DD'), 4);
INSERT INTO PAGO (id_pago, id_reserva, monto, fecha_de_pago, id_metodo_pago) VALUES (49, 50, 99000, TO_DATE('2025-09-22','YYYY-MM-DD'), 5);
INSERT INTO PAGO (id_pago, id_reserva, monto, fecha_de_pago, id_metodo_pago) VALUES (50, 51, 100000, TO_DATE('2025-09-23','YYYY-MM-DD'), 1);
INSERT INTO PAGO (id_pago, id_reserva, monto, fecha_de_pago, id_metodo_pago) VALUES (51, 52, 101000, TO_DATE('2025-09-24','YYYY-MM-DD'), 2);
INSERT INTO PAGO (id_pago, id_reserva, monto, fecha_de_pago, id_metodo_pago) VALUES (52, 53, 102000, TO_DATE('2025-09-25','YYYY-MM-DD'), 3);
INSERT INTO PAGO (id_pago, id_reserva, monto, fecha_de_pago, id_metodo_pago) VALUES (53, 54, 103000, TO_DATE('2025-09-26','YYYY-MM-DD'), 4);
INSERT INTO PAGO (id_pago, id_reserva, monto, fecha_de_pago, id_metodo_pago) VALUES (54, 55, 104000, TO_DATE('2025-09-27','YYYY-MM-DD'), 5);
INSERT INTO PAGO (id_pago, id_reserva, monto, fecha_de_pago, id_metodo_pago) VALUES (55, 56, 105000, TO_DATE('2025-09-28','YYYY-MM-DD'), 1);
INSERT INTO PAGO (id_pago, id_reserva, monto, fecha_de_pago, id_metodo_pago) VALUES (56, 57, 106000, TO_DATE('2025-09-01','YYYY-MM-DD'), 2);
INSERT INTO PAGO (id_pago, id_reserva, monto, fecha_de_pago, id_metodo_pago) VALUES (57, 58, 107000, TO_DATE('2025-09-02','YYYY-MM-DD'), 3);
INSERT INTO PAGO (id_pago, id_reserva, monto, fecha_de_pago, id_metodo_pago) VALUES (58, 59, 108000, TO_DATE('2025-09-03','YYYY-MM-DD'), 4);
INSERT INTO PAGO (id_pago, id_reserva, monto, fecha_de_pago, id_metodo_pago) VALUES (59, 60, 109000, TO_DATE('2025-09-04','YYYY-MM-DD'), 5);
INSERT INTO PAGO (id_pago, id_reserva, monto, fecha_de_pago, id_metodo_pago) VALUES (60, 61, 110000, TO_DATE('2025-09-05','YYYY-MM-DD'), 1);
INSERT INTO PAGO (id_pago, id_reserva, monto, fecha_de_pago, id_metodo_pago) VALUES (61, 62, 111000, TO_DATE('2025-09-06','YYYY-MM-DD'), 2);
INSERT INTO PAGO (id_pago, id_reserva, monto, fecha_de_pago, id_metodo_pago) VALUES (62, 63, 112000, TO_DATE('2025-09-07','YYYY-MM-DD'), 3);
INSERT INTO PAGO (id_pago, id_reserva, monto, fecha_de_pago, id_metodo_pago) VALUES (63, 64, 113000, TO_DATE('2025-09-08','YYYY-MM-DD'), 4);
INSERT INTO PAGO (id_pago, id_reserva, monto, fecha_de_pago, id_metodo_pago) VALUES (64, 65, 114000, TO_DATE('2025-09-09','YYYY-MM-DD'), 5);
INSERT INTO PAGO (id_pago, id_reserva, monto, fecha_de_pago, id_metodo_pago) VALUES (65, 66, 115000, TO_DATE('2025-09-10','YYYY-MM-DD'), 1);
INSERT INTO PAGO (id_pago, id_reserva, monto, fecha_de_pago, id_metodo_pago) VALUES (66, 67, 116000, TO_DATE('2025-09-11','YYYY-MM-DD'), 2);
INSERT INTO PAGO (id_pago, id_reserva, monto, fecha_de_pago, id_metodo_pago) VALUES (67, 68, 117000, TO_DATE('2025-09-12','YYYY-MM-DD'), 3);
INSERT INTO PAGO (id_pago, id_reserva, monto, fecha_de_pago, id_metodo_pago) VALUES (68, 69, 118000, TO_DATE('2025-09-13','YYYY-MM-DD'), 4);
INSERT INTO PAGO (id_pago, id_reserva, monto, fecha_de_pago, id_metodo_pago) VALUES (69, 70, 119000, TO_DATE('2025-09-14','YYYY-MM-DD'), 5);
INSERT INTO PAGO (id_pago, id_reserva, monto, fecha_de_pago, id_metodo_pago) VALUES (70, 71, 120000, TO_DATE('2025-09-15','YYYY-MM-DD'), 1);
INSERT INTO PAGO (id_pago, id_reserva, monto, fecha_de_pago, id_metodo_pago) VALUES (71, 72, 121000, TO_DATE('2025-09-16','YYYY-MM-DD'), 2);
INSERT INTO PAGO (id_pago, id_reserva, monto, fecha_de_pago, id_metodo_pago) VALUES (72, 73, 122000, TO_DATE('2025-09-17','YYYY-MM-DD'), 3);
INSERT INTO PAGO (id_pago, id_reserva, monto, fecha_de_pago, id_metodo_pago) VALUES (73, 74, 123000, TO_DATE('2025-09-18','YYYY-MM-DD'), 4);
INSERT INTO PAGO (id_pago, id_reserva, monto, fecha_de_pago, id_metodo_pago) VALUES (74, 75, 124000, TO_DATE('2025-09-19','YYYY-MM-DD'), 5);
INSERT INTO PAGO (id_pago, id_reserva, monto, fecha_de_pago, id_metodo_pago) VALUES (75, 76, 125000, TO_DATE('2025-09-20','YYYY-MM-DD'), 1);
INSERT INTO PAGO (id_pago, id_reserva, monto, fecha_de_pago, id_metodo_pago) VALUES (76, 77, 126000, TO_DATE('2025-09-21','YYYY-MM-DD'), 2);
INSERT INTO PAGO (id_pago, id_reserva, monto, fecha_de_pago, id_metodo_pago) VALUES (77, 78, 127000, TO_DATE('2025-09-22','YYYY-MM-DD'), 3);
INSERT INTO PAGO (id_pago, id_reserva, monto, fecha_de_pago, id_metodo_pago) VALUES (78, 79, 128000, TO_DATE('2025-09-23','YYYY-MM-DD'), 4);
INSERT INTO PAGO (id_pago, id_reserva, monto, fecha_de_pago, id_metodo_pago) VALUES (79, 80, 129000, TO_DATE('2025-09-24','YYYY-MM-DD'), 5);
INSERT INTO PAGO (id_pago, id_reserva, monto, fecha_de_pago, id_metodo_pago) VALUES (80, 81, 130000, TO_DATE('2025-09-25','YYYY-MM-DD'), 1);
INSERT INTO PAGO (id_pago, id_reserva, monto, fecha_de_pago, id_metodo_pago) VALUES (81, 82, 131000, TO_DATE('2025-09-26','YYYY-MM-DD'), 2);
INSERT INTO PAGO (id_pago, id_reserva, monto, fecha_de_pago, id_metodo_pago) VALUES (82, 83, 132000, TO_DATE('2025-09-27','YYYY-MM-DD'), 3);
INSERT INTO PAGO (id_pago, id_reserva, monto, fecha_de_pago, id_metodo_pago) VALUES (83, 84, 133000, TO_DATE('2025-09-28','YYYY-MM-DD'), 4);
INSERT INTO PAGO (id_pago, id_reserva, monto, fecha_de_pago, id_metodo_pago) VALUES (84, 85, 134000, TO_DATE('2025-09-01','YYYY-MM-DD'), 5);
INSERT INTO PAGO (id_pago, id_reserva, monto, fecha_de_pago, id_metodo_pago) VALUES (85, 86, 135000, TO_DATE('2025-09-02','YYYY-MM-DD'), 1);
INSERT INTO PAGO (id_pago, id_reserva, monto, fecha_de_pago, id_metodo_pago) VALUES (86, 87, 136000, TO_DATE('2025-09-03','YYYY-MM-DD'), 2);
INSERT INTO PAGO (id_pago, id_reserva, monto, fecha_de_pago, id_metodo_pago) VALUES (87, 88, 137000, TO_DATE('2025-09-04','YYYY-MM-DD'), 3);
INSERT INTO PAGO (id_pago, id_reserva, monto, fecha_de_pago, id_metodo_pago) VALUES (88, 89, 138000, TO_DATE('2025-09-05','YYYY-MM-DD'), 4);
INSERT INTO PAGO (id_pago, id_reserva, monto, fecha_de_pago, id_metodo_pago) VALUES (89, 90, 139000, TO_DATE('2025-09-06','YYYY-MM-DD'), 5);
INSERT INTO PAGO (id_pago, id_reserva, monto, fecha_de_pago, id_metodo_pago) VALUES (90, 91, 140000, TO_DATE('2025-09-07','YYYY-MM-DD'), 1);
INSERT INTO PAGO (id_pago, id_reserva, monto, fecha_de_pago, id_metodo_pago) VALUES (91, 92, 141000, TO_DATE('2025-09-08','YYYY-MM-DD'), 2);
INSERT INTO PAGO (id_pago, id_reserva, monto, fecha_de_pago, id_metodo_pago) VALUES (92, 93, 142000, TO_DATE('2025-09-09','YYYY-MM-DD'), 3);
INSERT INTO PAGO (id_pago, id_reserva, monto, fecha_de_pago, id_metodo_pago) VALUES (93, 94, 143000, TO_DATE('2025-09-10','YYYY-MM-DD'), 4);
INSERT INTO PAGO (id_pago, id_reserva, monto, fecha_de_pago, id_metodo_pago) VALUES (94, 95, 144000, TO_DATE('2025-09-11','YYYY-MM-DD'), 5);
INSERT INTO PAGO (id_pago, id_reserva, monto, fecha_de_pago, id_metodo_pago) VALUES (95, 96, 145000, TO_DATE('2025-09-12','YYYY-MM-DD'), 1);
INSERT INTO PAGO (id_pago, id_reserva, monto, fecha_de_pago, id_metodo_pago) VALUES (96, 97, 146000, TO_DATE('2025-09-13','YYYY-MM-DD'), 2);
INSERT INTO PAGO (id_pago, id_reserva, monto, fecha_de_pago, id_metodo_pago) VALUES (97, 98, 147000, TO_DATE('2025-09-14','YYYY-MM-DD'), 3);
INSERT INTO PAGO (id_pago, id_reserva, monto, fecha_de_pago, id_metodo_pago) VALUES (98, 99, 148000, TO_DATE('2025-09-15','YYYY-MM-DD'), 4);
INSERT INTO PAGO (id_pago, id_reserva, monto, fecha_de_pago, id_metodo_pago) VALUES (99, 100, 149000, TO_DATE('2025-09-16','YYYY-MM-DD'), 5);
INSERT INTO PAGO (id_pago, id_reserva, monto, fecha_de_pago, id_metodo_pago) VALUES (100, 1, 150000, TO_DATE('2025-09-17','YYYY-MM-DD'), 1);
